code	city	company_name	main_activity	operating_revenue	total_assets	revenue_range
EC0992221178001	GUAYAQUIL	ALUMINAR - V, ALUMINIO, VIDRIOS Y ESPEJOS S.A.	Wholesale	4601	0	1752
EC0992653647001	GUAYAQUIL	ASEMPRESER, SERVICIOS Y ASESORIA EMPRESARIAL S.A.	Services	2105	0	1752
EC1791902947001	QUITO	CASEMAGER COMPANIA DE SEGURIDAD MARIA GERARDA, CIA. LTDA.	Wholesale	1891	0	1752
EC0992652764001	GUAYAQUIL	CEVALLOS ALUMINIO Y VIDRIO, CORPCEALVI S.A.	Services	1120	0	600
EC0991495614001	ELOY ALFARO	CEYM, COMPANIA ELECTRICA Y MECANICA S.A.	Services	2296	0	1752
EC1792471877001	PUERTO FRANCISCO DE ORELLANA COCA	CONSTRUCCIONES, MATERIALES, EQUIPOS Y SERVICIOS INDUSTRIALES GELMANI CIA. LTDA.	Services	1062	0	600
EC0190167674001	CUENCA	CONSTRUCTORA TECNICA DE PUENTES, CONSTRUNION CIA. LTDA.	Manufacturing	1170	0	600
EC1391801106001	QUITO	DISENO, DESARROLLO Y MANUFACTURA DE ECUADOR D.D.M. S.A.	Services	3244	0	1752
EC1791297806001	CALDERON CARAPUNGO	ECUACHAPAS, ECUATORIANA DE CHAPAS DE MADERA CIA. LTDA.	Wholesale	638	0	600
EC1791738543001	QUITO	EL POBRE DIABLO CAFE, POBREDIABLO CIA. LTDA	Wholesale	628	0	600
EC1792356342001	QUITO	ENSILECTRIC, S.A.	Wholesale	633	0	600
EC0991352937001	GUAYAQUIL	FERTISA, FERTILIZANTES, TERMINALES I SERVICIOS S.A.	Wholesale	3839	0	1752
EC1790972453001	QUITO	FINPLASA, INVERSIONES Y REPRESENTACIONES S.A.	Services	803	0	600
EC1390140319001	MANTA	FRIGORIFICO Y LABORATORIO SAN MATEO, FRIGOLAB SAN MATEO CIA. LTDA.	Manufacturing	696	0	600
EC1790828573001	PUERTO AYORA	IGUANATOURS, CRUCEROS MARITIMOS S.A.	Services	3035	0	1752
EC1792412005001	QUITO	INGENIERIA , ESTUDIOS Y PROYECTOS NIP, S.A.	Services	7946	0	5118
EC1791279034001	QUITO	MECANOGRAFICA, MAQUINAS Y EQUIPOS DE COPIADO ALFANUMERICO Y GRAFICO CL	Wholesale	912	0	600
EC0992651776001	GUAYAQUIL	MEDISERMAS S.A. MEDICINAS, SERVICIOS Y MAS	Services	1914	0	1752
EC1791766008001	QUITO	PEREZ, BUSTAMANTE & PONCE ABOGADOS CIA. LTDA.	Services	4605	0	1752
EC0992107979001	GUAYAQUIL	PROTECCION MAXIMA, PROTEMAXI C. LTDA.	Manufacturing	1231	0	600
EC0992654007001	GUAYAQUIL	PUBLICIDAD, MARKETING Y SERVICIOS S.A. PUMARKSERV	Services	2056	0	1752
EC1791315588001	QUITO	SABRE INTERNATIONAL, LLC.	Services	3008	0	1752
EC0991298223001	GUAYAQUIL	SEGURIDAD GUAYAQUIL, SEGQUIL CIA. LTDA.	Wholesale	979	0	600
EC1791261526001	QUITO	SERVICIOS Y SISTEMAS, MULTISERVICE S.A.	Wholesale	668	0	600
EC0992648856001	GUAYAQUIL	WORLDWIDE INTERNATIONAL SERVICES S.A., WIB	Wholesale	985	0	600
EC1792345928001	QUITO	WORLEYPARSONS INTERNATIONAL, INC.	Wholesale	106949	0	43674
EC0990477434001	GUAYAQUIL	SERVICIOS TURISTICOS DORAL C.A. SERTUDORAL	Manufacturing	675	0	600
EC0992589590001	GUAYAQUIL	ABAIRE S. A.	Services	1043	0	600
EC0992247312001	GUAYAQUIL	ABELYA S.A.	Wholesale	635	0	600
EC1791329619001	QUITO	ACCENTURE ECUADOR S.A.	Services	1084	0	600
EC1790516008001	QUITO	ACE SEGUROS SA (ECUADOR)	Services	144077	127411	127579
EC1790004724001	QUITO	ACERIA DEL ECUADOR C.A	Manufacturing	299467	355179	127579
EC0992577339001	GUAYAQUIL	ACEROIN S.A.	Services	5286	0	5118
EC1791977300001	QUITO	ACEROS EMANUEL VEWILBE S.A.	Wholesale	1785	0	1752
EC1791875834001	QUITO	ADECCOBUSINESS S.A.	Services	1729	0	600
EC1791414004001	QUITO	ADECCOIBERIA S.A.	Services	4618	0	1752
EC0992125985001	GUAYAQUIL	ADITIVOS Y ALIMENTOS S.A. ADILISA	Manufacturing	11991	9478	5118
EC1791269489001	QUITO	ADITMAQ ADITIVOS Y MAQUINARIAS CIA. LTDA.	Wholesale	23086	18407	14951
EC0990628475001	ELOY ALFARO	ADUM CONSTRUCCIONES MECANICAS A.C.M. C LTDA	Manufacturing	1191	0	600
EC1790930777001	GUAYAQUIL	AERO EXPRESS DEL ECUADOR TRANSAM CIA. LTDA.	Wholesale	5555	0	5118
EC1791807154001	QUITO	AEROLANE LINEAS AEREAS NACIONALES DEL ECUADOR S.A.	Services	8719	0	5118
EC0992598182001	GUAYAQUIL	AEROPUERTOS ECOLOGICOS DE GALAPAGOS S.A.	Services	9501	59829	5118
EC1791741684001	QUITO	AERORELEASE TAXI AEREO MANTENIMIENTO CIA. LTDA.	Manufacturing	900	0	600
EC0992663650001	GUAYAQUIL	AFINES Y COMERCIO AFICOMSA S.A.	Manufacturing	1385	0	600
EC0992589078001	GUAYAQUIL	AFITGER S.A.	Manufacturing	1321	0	600
EC0991307605001	GUAYAQUIL	AFP GENESIS ADMINISTRADORA DE FONDOS Y FIDEICOMISOS S.A.	Services	5247	13134	5118
EC1792493226001	CUMBAYA	AGENCIA DE PROYECTOS Y CARGA S.A. PRODENKELSA	Services	746	0	600
EC0990841993001	GUAYAQUIL	AGENCIA MARITIMA GLOBAL MARGLOBAL SA	Services	2523	0	1752
EC30206LE	GUAYAQUIL	AGENCIA NAVIERA AGNAMAR S.A.	Wholesale; Retail	21523	6970	14951
EC1792291593001	QUITO	AGRICOLA AGROTATI CIA. LTDA.	Services	1525	0	600
EC0990006687001	GUAYAQUIL	AGRIPAC S.A.	Wholesale	282304	237470	127579
EC0992233222001	SANBORONDON	AGRITOP S.A.	Manufacturing	15738	13212	14951
EC0992723769001	GUAYAQUIL	AGROCLIENTES S.A.	Services	6755	0	5118
EC0992819766001	GUAYAQUIL	AGROINDUSTRIAL ZHANG CHEN S.A.	Wholesale	646	0	600
EC0990774404001	SAMBORONDON	AIFA S.A.	Wholesale	9322	10149	5118
EC1790475247001	QUITO	AIG METROPOLITANA COMPANIA DE SEGUROS Y REASEGUROS SA	Services	93713	89088	43674
EC0992184876001	GUAYAQUIL	AIR & OCEAN CARGO SPEEDAIR S.A.	Services	780	0	600
EC1792086949001	QUITO	ALCOMIN S.A.	Services	736	0	600
EC0992265930001	GUAYAQUIL	ALERAM S.A.	Services	756	0	600
EC0992587482001	SAMBORONDON	ALIADOS MANAGEMENT SOLUTIONS S.A. ALIADOSMANAG	Services	1002	0	600
EC1791326202001	QUITO	ALIANZA LOGISTIKA TDGE S.A.	Services	3090	0	1752
EC1790551350001	QUITO	ALIANZA, COMPANIA DE SEGUROS Y REASEGUROS SA	Services	27752	35704	14951
EC1790381595001	GUAYAQUIL, GUAYAS	ALIMENTOS ECUATORIANOS - ALIMEC, S.A.	Manufacturing	15329	7754	14951
EC1792265134001	QUITO	ALIMENTOS Y NEGOCIOS ASOCIADOS AYNA CIA. LTDA.	Wholesale	1643	0	600
EC30207LE	GUAYAQUIL	ALIMENTSA DIETAS Y ALIMENTOS S.A.	Manufacturing	75755	35573	43674
EC0990010110001	GUAYAQUIL	ALMACENES BOYACA S.A.	Wholesale	47843	52419	43674
EC0990011214001	GUAYAQUIL	ALMACENES DE PRATI S.A	Retail	252189	248269	127579
EC1891753663001	AMBATO	ALUVIDGLASS CIA. LTDA.	Services	1153	0	600
EC0991344829001	QUITO	AMADEUSGLOBAL ECUADOR S.A.	Services	2484	0	1752
EC2290316491001	QUITO	AMAZONSERVICE CIA. LTDA.	Services	1505	0	600
EC1890069963001	AMBATO	AMBASEG AMBATO SEGURIDAD C LTDA	Services	5304	0	5118
EC1792028469001	SANGOLQUI	ANDEAN DISCOVERY S.A. ANDESCOVERY	Services	1029	0	600
EC0190327426001	CUENCA	ANDICOAUDI S.A.	Manufacturing	1277	0	600
EC1792151686001	QUITO	ANDINAONLINE COMPANY S.A.	Services	1028	0	600
EC0990668558001	GUAYAQUIL	ANDINAVE SA	Services	814	0	600
EC0991457356001	GUAYAQUIL	ANDIPUERTO GUAYAQUIL S.A.	Services	1685	0	600
EC1790883930001	QUITO	ANDOLAS CIA. LTDA.	Services	1433	0	600
EC1790783081001	QUITO	ANECOEX ECUADOR SA	Wholesale	3467	0	1752
EC1792218225001	QUITO	ANF AUTHORITY OF CERTIFICATION ECUADOR S.A.	Services	778	0	600
EC0990013438001	GUAYAQUIL	ANGLO ECUATORIANA DE GUAYAQUIL C.A.	Wholesale	13399	10909	5118
EC1790376338001	QUITO	APARTAMENTOS Y HOTELES ECUATORIANOS APARTEC SA	Services	825	0	600
EC0992767766001	GUAYAQUIL	APINGENIERIA S.A.	Wholesale	668	0	600
EC0991441093001	GUAYAQUIL	APL DEL ECUADOR S.A.	Wholesale	982	0	600
EC1791297334001	QUITO	ARCELORMITTAL INTERNATIONAL ECUADOR S.A.	Wholesale	614	0	600
EC0991169024001	GUAYAQUIL	ARETINA S.A.	Services	10579	0	5118
EC0992443375001	GUAYAQUIL	ARTHROSCORP S.A.	Wholesale	3524	2207	1752
EC0991281258001	GUAYAQUIL	ARUAL S.A.	Services	3426	0	1752
EC0190123626001	QUITO	ASEGURADORA DEL SUR CA	Services	75392	52162	43674
EC0992537388001	GUAYAQUIL	ASEMPUBLICORP S.A.	Services	2187	0	1752
EC1792111382001	QUITO	ASESORES INTEGRALES MINGACORP S.A.	Services	12239	0	5118
EC0990778221001	GUAYAQUIL	ASESORES Y CONSEJEROS ACONSEC CIA.LTDA.	Manufacturing	1394	0	600
EC0992714581001	GUAYAQUIL	ASESORIA & SERVICIOS CORPORATIVOS FABACORPSA S.A.	Manufacturing	846	0	600
EC1792222613001	CALDERON CARAPUNGO	ASIAELECTRIC S.A.	Wholesale	632	0	600
EC0991313788001	MANTA	ASISERVY S.A.	Manufacturing; Wholesale	57206	54977	43674
EC1790075494001	GUAYAQUIL	ASOCIACION MUTUALISTA DE AHORRO Y CREDITO PARA LA VIVIENDA PICHINCHA	Services	60602	605504	43674
EC1791329317001	QUITO	ASTORGAL CIA. LTDA.	Wholesale	930	0	600
EC0992113502001	GUAYAQUIL	ASUNCORP S.A.	Services	2458	0	1752
EC1791434749001	QUITO	AT&T GLOBAL NETWORK SERVICES ECUADOR CIA. LTDA.	Wholesale	987	0	600
EC1790038092001	QUITO	ATU ARTICULOS DE ACERO S.A.	Manufacturing	16140	15504	14951
EC1891713580001	IZAMBA	AUSTRO DISTRIBUCIONES AUSTRODIS CIA. LTDA.	Manufacturing; Wholesale	5183	0	5118
EC0190391906001	CUENCA	AUSTROPARTS CIA. LTDA.	Wholesale	3754	0	1752
EC1792138574001	QUITO	AUTO SERVICIOS MECANICAMOTOR S.A.	Wholesale	635	0	600
EC1791315715001	QUITO	AUTOCLINIK S.A.	Manufacturing	712	0	600
EC1792421772001	CUMBAYA	AUTOLIDER ECUADOR S.A.	Services	747	0	600
EC1890000130001	AMBATO	AUTOMOTORES DE LA SIERRA S.A.	Retail; Services	81848	40127	43674
EC1792022169001	SAN RAFAEL	AUTOMOTORES DEL VALLE VALLEMOTORS S.A.	Wholesale; Services	23866	0	14951
EC0990810311001	GUAYAQUIL	AUTOMOTORES LATINOAMERICANOS SA AUTOLASA	Retail	85914	26929	43674
EC1790014797001	QUITO	AUTOMOTORES Y ANEXOS S.A.	Manufacturing	159281	96325	127579
EC0990760799001	GUAYAQUIL	AUTORADIADOR SOCIEDAD ANONIMA AUTORAD SA	Retail	11424	0	5118
EC0992142618001	GUAYAQUIL	AVICOLA FERNANDEZ S.A.	Manufacturing	54071	42068	43674
EC1792235952001	QUITO	AVISORIAWEB S.A.	Wholesale	1661	0	600
EC1791957253001	QUITO	AZULEC S.A.	Services	26441	30355	14951
EC0992759682001	GUAYAQUIL	B TELECOMUNICACIONES LATINO AMERICA S.A. BTELASA	Services	2374	0	1752
EC0992645504001	GUAYAQUIL	BACO INTERNACIONAL S.A. BACOINTERSA	Wholesale	1898	0	1752
EC0992784857001	GUAYAQUIL	BAFEMACORP S.A.	Wholesale	964	0	600
EC0992435887001	GUAYAQUIL	BALBOA COMPANIA DE SEGUROS Y REASEGUROS SA	Services	7330	7601	5118
EC0992245522001	GUAYAQUIL	BANAFRESH S.A.	Services	1154	0	600
EC0991356193001	GUAYAQUIL	BANANAPUERTO PUERTO BANANERO S.A.	Services	1963	0	1752
EC1790221806001	QUITO	BANCO AMAZONAS SA	Services	11530	142276	5118
EC0990379017001	GUAYAQUIL	BANCO BOLIVARIANO CA	Services	158483	2939842	127579
EC17377	GUAYAQUIL	BANCO CAPITAL	Services	7514	84250	5118
EC1390067506001	PORTOVIEJO	BANCO COMERCIAL DE MANABI	Services	5438	60802	5118
EC0990459444001	GUAYAQUIL	BANCO COOPNACIONAL SA	Services	10986	165120	5118
EC0992701374001	GUAYAQUIL	BANCO D-MIRO SA	Services	18240	115025	14951
EC0990049459001	GUAYAQUIL	BANCO DE GUAYAQUIL SA	Services	317658	3908326	127579
EC1790368718001	QUITO	BANCO DE LA PRODUCCION SA - PRODUBANCO	Services	226813	3554226	127579
EC1190002213001	LOJA	BANCO DE LOJA	Services	28607	421663	14951
EC0790002350001	MACHALA	BANCO DE MACHALA	Services	44980	566633	43674
EC0190055965001	CUENCA	BANCO DEL AUSTRO S.A.	Services	118933	1456921	43674
EC58413	CUENCA	BANCO DEL AZUAY	Manufacturing	8823	139009	5118
EC52620	QUITO	BANCO DEL ESTADO (ECUADOR)	Services	82528	1835458	43674
EC0990981930001	GUAYAQUIL	BANCO DEL LITORAL	Services	2580	21488	1752
EC0990005737001	GUAYAQUIL	BANCO DEL PACIFICO	Services	317501	4294166	127579
EC0990048673001	GUAYAQUIL	BANCO DELBANK SA	Services	5804	29451	5118
EC17370	SECTOR LA FLORESTA QUITO	BANCO DESARROLLO	Manufacturing	14545	160033	5118
EC1760002870001	LUIS CORDERO	BANCO ECUATORIANO DE LA VIVIENDA	Services	73502	153333	43674
EC1790864316001	QUITO	BANCO GENERAL RUMINAHUI SA	Services	12830	140510	5118
EC1790098354001	QUITO	BANCO INTERNACIONAL, S.A.	Services	176371	2559327	127579
EC17345	QUITO	BANCO NACIONAL DE FOMENTO	Services	114243	1564994	43674
EC0990077185001	QUITO	BANCO PARA LA ASISTENCIA COMUNITARIA FINCA S.A.	Services	8539	42008	5118
EC1790010937001	QUITO	BANCO PICHINCHA C.A.	Services	1236135	13187939	1088652
EC1791269225001	QUITO	BANCO PROCREDIT SA	Services	32888	386756	14951
EC1790477142001	QUITO	BANCO PROMERICA	Services	44827	825568	43674
EC1791109384001	QUITO	BANCO SOLIDARIO	Services	94602	677587	43674
EC1791281322001	QUITO	BANCO SUDAMERICANO (ECUADOR)	Services	1042	12181	600
EC0991322752001	GUAYAQUIL	BASESURCORP S.A.	Wholesale	37663	14408	14951
EC0991415548001	QUITO	BAUER & CO. S.A.	Services	2391	0	1752
EC0990036152001	QUITO	BAYER S.A.	Manufacturing	5996	0	5118
EC1792185483001	QUITO	BELECH FIRE & RESCUE CIA. LTDA.	Services	2944	0	1752
EC1791991419001	QUITO	BENALCAZAR ESCOBAR BENESC SEGURIDAD CIA. LTDA.	Wholesale	626	0	600
EC1791856031001	QUITO	BIOREMEDIACION BIOX CIA. LTDA.	Services	824	0	600
EC0992386622001	GUAYAQUIL	BISERVICSA S.A.	Manufacturing	1342	0	600
EC0992346043001	GUAYAQUIL	BISSONLINE S.A.	Manufacturing	897	0	600
EC1792184134001	GUAYAQUIL	BLACK & DECKER DEL ECUADOR S.A.	Services	1702	0	600
EC0991364277001	GUAYAQUIL	BLASTI S.A.	Services	2270	0	1752
EC1792326583001	QUITO	BLUE CELL SEGURIDAD INDUSTRIAL S.A.	Services	749	0	600
EC1791301692001	QUITO	BMI DEL ECUADOR, COMPANIA DE SEGUROS DE VIDA SA	Services	24751	22597	14951
EC1390146422001	GUAYAQUIL	BODYGUARD SECURITY COMPANIA LIMITADA	Services	4052	0	1752
EC0990093490001	GUAYAQUIL	BOLIVAR, COMPANIA DE SEGUROS DEL ECUADOR SA	Services	3224	18415	1752
EC0992505338001	GUAYAQUIL	BONUDIEM S.A.	Services	2151	0	1752
EC0992854790001	GUAYAQUIL	BOXEVES S.A.	Services	2415	0	1752
EC0190339165001	CUENCA	BPHARMALATAM CIA. LTDA.	Services	1101	0	600
EC1791882539001	QUITO	BRAVO CAMINO CONSULTORES CIA. LTDA	Services	818	0	600
EC0991415858001	GUAYAQUIL	BREMAX S.A.	Wholesale	908	0	600
EC1791771346001	QUITO	BRIDGECOM S.A	Services	1116	0	600
EC1791782402001	QUITO	BUPA ECUADOR SA, COMPANIA DE SEGUROS Y REASEGUROS	Services	26219	18524	14951
EC1791432037001	QUITO	BUSTAMANTE & BUSTAMANTE PATENTES Y MARCAS CIA. LTDA.	Manufacturing	1205	0	600
EC1790484793001	QUITO	BUSTAMANTE Y BUSTAMANTE CIA. LTDA.	Services	1479	0	600
EC0992502169001	GUAYAQUIL	C&E INGENIERIA Y CONSTRUCCIONES S.A.	Wholesale	914	0	600
EC1791886380001	QUITO	CABLEUNION S.A	Services	7653	0	5118
EC0990581827001	GUAYAQUIL	CABLEVISION SA	Manufacturing; Wholesale	4292	0	1752
EC0992725869001	NARANJAL	CACAO DREAM DEL ECUADOR S.A. DREAMCACAO	Manufacturing	11111	0	5118
EC17398	BIBLIAN	CACPE BIBLIAN	Services	7133	106512	5118
EC17464	QUITO	CACPECO COOPERATIVA DE AHORRO Y CREDITO	Services	16213	175972	14951
EC20720	QUITO	CAJA CENTRAL FINANCOOP	Services	2852	107266	1752
EC0990135630001	GUAYAQUIL	CALBAQ S.A	Manufacturing	21599	13625	14951
EC1792127750001	QUITO	CALOCASTRO & PUBLICIDAD S.A.	Services	1754	0	1752
EC17517	ROCAFUERTE	CAMARA DE COMERCIO DE AMBATO	Services	7099	114105	5118
EC1790268594001	QUITO	CAMINOSCA S.A.	Services	23716	32774	14951
EC0991304436001	GUAYAQUIL	CAMPOSANTOS DEL ECUADOR S.A.	Services	10061	58300	5118
EC1791431960001	CONOCOTO	CAMPUSTREKKING CIA. LTDA.	Services	1540	0	600
EC1791840690001	NAYON	CANAL UNO S.A	Wholesale	989	0	600
EC0992728078001	EL TRIUNFO	CANICORP S.A.	Wholesale	5541	0	5118
EC0990734011001	SAMBORONDON	CANODROS C.L.	Manufacturing	14529	0	5118
EC1792460093001	QUITO	CARINNOVADOR S.A.	Manufacturing	696	0	600
EC0992126981001	GUAYAQUIL	CARIOCA - JO S.A. (CARJOSA)	Manufacturing	853	0	600
EC1792231167001	QUITO	CARPINTEX R&D CIA. LTDA.	Services	2369	0	1752
EC0991259546001	GUAYAQUIL	CARRO SEGURO CARSEG S.A.	Services	26249	13900	14951
EC1792390850001	QUITO	CARTELLA COMUNICACIONES PUBLICAS CIA. LTDA.	Manufacturing	1214	0	600
EC0991400427001	GUAYAQUIL	CARTIMEX S.A.	Wholesale	84392	44867	43674
EC0991434879001	GUAYAS	CARVAGU S.A.	Manufacturing	27103	20207	14951
EC1790004392001	QUITO	CASA MOELLER MARTINEZ C.A.	Services	23398	17088	14951
EC1790009459001	QUITO	CASABACA S.A.	Retail	120531	60051	43674
EC1791714601001	QUITO	CATERPREMIER S.A.	Services	13435	8726	5118
EC0991314318001	GUAYAQUIL	CELECBOR S.A.	Wholesale	971	0	600
EC0990582505001	QUITO	CELECTRO S.A.	Manufacturing	713	0	600
EC0991407723001	GUAYAQUIL	CELMARKET S.A.	Services	3003	0	1752
EC0791717345001	MACHALA	CELPLUS S.A.	Wholesale	1666	0	600
EC0690000261001	QUITO	CEMENTO CHIMBORAZO C.A.	0	47350	113053	43674
EC1792142520001	PIFO	CENFERZA CIA. LTDA.	Services	2052	0	1752
EC0992746556001	GUAYAQUIL	CENTICONSTRU S.A.	Services	800	0	600
EC1791242785001	QUITO	CENTRO AEREO TRANSEXPRESS ECUATORIANO CIA. LTDA.	Services	731	0	600
EC2191701146001	NUEVA LOJA	CENTRO COMERCIAL CECOMBAR CIA.LTDA	Wholesale	915	0	600
EC0992628243001	GUAYAQUIL	CENTRO DE ACONDICIONAMIENTO JORGE BASANTES CIA. LTDA.	Services	1047	0	600
EC0691716570001	RIOBAMBA	CENTRO DE CAPACITACION Y CONDUCCION DE MANEJO CENTERDRIVE CIA. LTDA.	Manufacturing	1271	0	600
EC1791167074001	SANTO DOMINGO	CENTRO DE COMBUSTIBLES ECONOMICOS COMBUSCENTER CIA. LTDA.	Manufacturing	1351	0	600
EC0990706026001	GUAYAQUIL	CENTRO EDUCATIVO INTEGRAL CENEICA SA	Services	9243	18964	5118
EC1790311015001	QUITO	CENTRO GRAFICO CEGRAFICO S.A.	Services	3445	3649	1752
EC1790457303001	QUITO	CENTRO MEDICO QUIRURGICO PICHINCHA CENMEP SA	Services	1463	0	600
EC0991360042001	GUAYAQUIL	CENTURIOSA S.A.	Wholesale	9412	6717	5118
EC1890142474001	SANTA ROSA	CEPOLFI INDUSTRIAL C.A.	Manufacturing	1230	0	600
EC0992778814001	NARCISA DE JESUS NOBOL	CEPROCHIV S.A.	Services	738	0	600
EC1790003388001	QUITO	CEPSA S.A.	Wholesale	46038	35858	43674
EC0190145840001	CUENCA	CERAMICASA S.A.	Services	751	0	600
EC0992353007001	GUAYAQUIL	CERVA S.A.	Wholesale	660	0	600
EC1791268903001	QUITO	CERVANTES SA, COMPANIA DE SEGUROS Y REASEGUROS	Services	25966	18185	14951
EC0990023549001	GUAYAQUIL	CERVECERIA NACIONAL CN SA	Manufacturing	502548	482535	372678
EC1792345189001	QUITO	CHINA ROAD AND BRIDGE CORPORATION	Manufacturing; Wholesale	4890	0	1752
EC0991237313001	SAMBORONDON	CHIQUITA BANANA ECUADOR CBBRANDS S.A.	Wholesale	5634	0	5118
EC0991280855001	GUAYAQUIL	CHOCOLATES FINOS NACIONALES COFINA S.A.	Wholesale	34050	20441	14951
EC1792312647001	CALDERON CARAPUNGO	CHRISTIAN ALVAREZ & ASOCIADOS CIA. LTDA.	Manufacturing	867	0	600
EC0992231467001	GUAYAQUIL	CIA IMPORTADORA REGALADO S.A.	Wholesale	12841	7158	5118
EC0990521786001	GUAYAQUIL, GUAYAS	CIMENTACIONES GENERALES Y OBRAS PORTUARIAS CIPORT S.A.	Services	4607	11873	1752
EC0992282096001	GUAYAQUIL	CIMEXPRIBA S.A.	Wholesale	918	0	600
EC1791972465001	QUITO	CINTI COMP CIA. LTDA.	Manufacturing	6407	0	5118
EC1792040825001	QUITO	CISCOSYSTEMS ECUADOR S.A.	Services	2819	0	1752
EC0991457135001	GUAYAQUIL	CISENI COMPANIA DE INSPECCIONES Y SERVICIOS NAVALES E INDUSTRIALES S.A.	Manufacturing	1337	0	600
EC1790033295001	QUITO	CITIBANK NA	Wholesale	35079	491251	14951
EC0992441534001	GUAYAQUIL	CITIKOLD S.A.	Wholesale	1642	0	600
EC1792001730001	QUITO	CITYFAST S.A.	Services	730	0	600
EC1792267463001	QUITO	CLUB DEL BUEN BEBER BUENVIN S.A.	Services	3365	0	1752
EC1792353246001	QUITO	COATINGSERVICIOS CIA. LTDA.	Wholesale	924	0	600
EC0990023220001	QUITO	COATS CADENA S.A.	Services	2628	0	1752
EC1790659720001	CUMBAYA	COBISCORP ECUADOR S.A.	Services	11855	0	5118
EC0992378786001	QUITO	CODEPRET S.A.	Services	6551	4162	5118
EC0391013357001	CANAR	COFERCO CIA. LTDA.	Manufacturing	718	0	600
EC1792052580001	QUITO	COGAREP CIA. LTDA.	Wholesale	1647	0	600
EC1791925556001	QUITO	COLCOMEX CORP. S.A.	Wholesale	957	0	600
EC0190110001001	CUENCA	COLINEAL CORPORATION CIA. LTDA.	Manufacturing	43433	51426	14951
EC1792095492001	QUITO	COLLEGESTORES S.A.	Manufacturing	709	0	600
EC1792048699001	QUITO	COLOMBIANA DE TELECOMUNICACIONES COLDECON ECUADOR S.A.	Manufacturing	858	0	600
EC1791350022001	QUITO	COLUMBUSTRAVEL CIA. LTDA.	Manufacturing	1311	0	600
EC0992294361001	GUAYAQUIL	COMARSA S.A.	Wholesale	643	0	600
EC0992478721001	GUAYAQUIL	COMDAMET S.A.	Services	1486	0	600
EC1792315972001	QUITO	COMERCEXPORT S.A.	Wholesale	605	0	600
EC1791816471001	SANTO DOMINGO	COMERCIAL ARWALIC S.A	Services	2263	0	1752
EC1792114101001	QUITO	COMERCIAL CALZACOSTA S.A.	Wholesale	3702	0	1752
EC1790450716001	QUITO	COMERCIAL EUROTEX C LTDA	Wholesale	658	0	600
EC0992543671001	GUAYAQUIL	COMERCIAL JENNY ITURRALDE ARROBO JENITU S.A.	Services	2770	0	1752
EC0591713221001	LATACUNGA	COMERCIAL YUCAILLA CIA. LTDA.	Services	3248	0	1752
EC1190091003001	LOJA	COMERCIALIZADORA DEL AUSTRO COMDELTRO CIA. LTDA.	Services	4273	0	1752
EC0992731710001	GUAYAQUIL	COMERCIALIZADORA GNS CIA. LTDA.	Wholesale	941	0	600
EC1191736008001	LOJA	COMERCIALIZADORA HERRERA ROMAN CIA. LTDA.	Services	1423	0	600
EC30223LE	CUENCA	COMERCIALIZADORA JUAN CARLOS ESPINOZA VINTIMILLA CIA. LTDA	Wholesale	27761	16505	14951
EC1792352428001	QUITO	COMERCIALIZADORA STARPACK CIA. LTDA.	Services	6024	0	5118
EC1791314085001	QUITO	COMERCIALIZADORA Y SERVICIOS BODSTROM CIA. LTDA.	Services	2185	0	1752
EC0992651792001	GUAYAQUIL	COMERCIO Y OTROS S.A. COMERCOTROSA	Services	2129	0	1752
EC1792349524001	CONOCOTO	COMFERVAL CIA. LTDA.	Services	1494	0	600
EC1791920686001	QUITO	COMGIEL S.A	Manufacturing	1304	0	600
EC0990005419001	GUAYAQUIL	COMPANIA AZUCARERA VALDEZ S.A.	Manufacturing	124681	259904	43674
EC0992484314001	GUAYAQUIL	COMPANIA DE ALIMENTOS Y SERVICIOS COALSE S.A.	Manufacturing	1157	0	600
EC0990364451001	GUAYAQUIL	COMPANIA DE DESARROLLO BANANERO DEL ECUADOR BANDECUA SA	Services	2409	0	1752
EC1791930320001	SANTO DOMINGO	COMPANIA DE PROTECCION Y VIGILANCIA COMPROVIG CIA. LTDA.	Services	2285	0	1752
EC0990039399001	GUAYAQUIL	COMPANIA DE RADIO Y TELEVISION CORTEL S.A.	Services	733	0	600
EC0990085838001	GUAYAQUIL	COMPANIA DE SEGUROS CONDOR SA	Services	18537	45528	14951
EC1791430395001	QUITO	COMPANIA DE SEGUROS DE VIDA COLVIDA SA	Services	12357	11711	5118
EC0990022453001	GUAYAQUIL	COMPANIA DE SEGUROS ECUATORIANO-SUIZA SA	Services	54409	56188	43674
ECFEI1022656	QUITO	COMPANIA DE SEGUROS GENERALES PRODUSEGUROS SA	Services	9802	25289	5118
ECFEI1022493	QUITO	COMPANIA DE SEGUROS Y REASEGUROS CENTRO SEGUROS CENSEG SA	Services	8701	8488	5118
EC1791413962001	QUITO	COMPANIA DE SERVICIOS CYBERCELL S.A.	Services	8718	3649	5118
EC2290320774001	PUERTO FRANCISCO DE ORELLANA COCA	COMPANIA DE SERVICIOS PETROLEROS LLORI LLERENA CUATROELE S.A.	Wholesale	958	0	600
EC0990017514001	GUAYAQUIL	COMPANIA DE TIENDAS INDUSTRIALES ASOCIADAS TIA S.A.	Retail	602824	228959	372678
EC0591724932001	LATACUNGA	COMPANIA DE TRANSPORTE DE CARGA PESADA PUZOLANA TRANSPUZOL S.A.	Services	3305	0	1752
EC1792250315001	QUITO	COMPANIA DE TRANSPORTE PESADO Y SERVICIOS COMPLEMENTARIOS CORREA & PAREDES CIA. LTDA.	Manufacturing	701	0	600
EC0992157755001	GUAYAQUIL	COMPANIA METALICA S.A. COMPAMETA	Manufacturing	1269	0	600
EC1792288142001	QUITO	COMPANIA MINERA TERRAMINING RESOURCES S.A.	Manufacturing	1205	0	600
EC0991297952001	GUAYAQUIL	COMPANIA MULTIMODAL OPERADORES PORTUARIOS S.A.	Services	3079	0	1752
EC1792024951001	QUITO	COMPANIA PROMOTORA INMOBILIARIA CARLOS REYES & ASOCIADOS CIA. LTDA.	Wholesale	1832	0	1752
ECFEI1021167	GUAYAQUIL	COMPANIA REASEGURADORA DEL ECUADOR SA	Services	17774	22790	14951
EC0990011524001	DURAN	COMPANIA RECUBRIDORA DE PAPEL S.A.	Services	2644	3723	1752
EC1792463661001	QUITO	COMPANIA REDNET ECUADOR ECUAREDNET S.A.	Manufacturing	829	0	600
EC1792007208001	QUITO	COMPTECO COMPRA POR TELEFONO CONSORCIO COMERCIAL S.A.	Retail	19700	0	14951
EC1792463963001	QUITO	COMPUFACIL S.A.S	Services	1150	0	600
EC1790885186001	QUITO	COMPUTADORES Y EQUIPOS COMPUEQUIP DOS S.A.	Wholesale	35268	18796	14951
EC0992480564001	GUAYAQUIL	COMPUTRY S.A.	Services	1069	0	600
EC0992277874001	GUAYAQUIL	CONCERROAZUL S.A.	Services	21742	24739	14951
EC1091716824001	IBARRA	CONECTACEL CIA. LTDA.	Services	1737	0	600
EC0990794596001	GUAYAQUIL	CONFIANZA COMPANIA DE SEGUROS Y REASEGUROS SA	Services	32679	50223	14951
EC1790084604001	QUITO	CONFITECA C.A.	Manufacturing	61659	49579	43674
EC1790412113001	QUITO	CONJUNTO CLINICO NACIONAL CONCLINA C.A.	Services	64725	87897	43674
EC1792326206001	SANGOLQUI	CONSDIME CONSTRUCCION DISENO METALICO CIA. LTDA.	Manufacturing	1335	0	600
EC0992662743001	GUAYAQUIL	CONSESORIAL S.A.	Services	2517	0	1752
EC1792257042001	QUITO	CONSKUMYI ECUADOR S.A.	Services	1554	0	600
EC0992667702001	GUAYAQUIL	CONSORCIO BELFI - CIPORT	Services	781	0	600
EC1791251237001	GUAYAQUIL	CONSORCIO ECUATORIANO DE TELECOMUNICACIONES S.A. CONECEL	Services	41849	0	14951
EC1391746105001	MANTA	CONSORCIO EISA CONSTRUCTORA E INMOBILIARIA	Wholesale	924	0	600
EC0992835745001	GUAYAQUIL	CONSORCIO EKRON-HELPORT	Wholesale	13521	0	5118
EC0992367318001	GUAYAQUIL	CONSORCIO INMOBILIARIO VELASCO S.A. CONVEL	Services	5232	0	5118
EC1792241936001	QUITO	CONSORCIO STEREOCARTO - AEROMAPA	Services	2744	0	1752
EC0990864802001	GUAYAQUIL	CONSORSAN CONSTRUCTORA ORDONEZ & SANMARTIN C. LTDA	Services	2909	0	1752
EC2390007720001	SANTO DOMINGO	CONSTAMON CONSTRUCCIONES CIA. LTDA.	Manufacturing	1218	0	600
ECFEI1021168	QUITO	CONSTITUCION CA COMPANIA DE SEGUROS	Services	7487	15940	5118
EC0992528737001	GUAYAQUIL	CONSTRUAHORA S.A.	Manufacturing	5806	0	5118
EC0992713313001	GUAYAQUIL	CONSTRUCCIONES DEA S.A. CONSDEA	Manufacturing	850	0	600
EC0591725033001	LATACUNGA	CONSTRUCCIONES MECANICAS ALBAN CIA. LTDA.	Services	2181	0	1752
EC0992693606001	GUAYAQUIL	CONSTRUCCIONES PORTUARIAS Y CIMENTACIONES S.A. - TUNASERV SERVICIOS PORTUARIOS S.A. & ASOCIADOS	Services	3972	0	1752
EC0992657162001	GUAYAQUIL	CONSTRUCCIONES VANESSA S.A. VANEOSA	Manufacturing	1255	0	600
EC1791048814001	QUITO	CONSTRUCCIONES Y SERVICIOS DE MINERIA CONSERMIN S.A.	Services	19797	75290	14951
EC0990802734001	GUAYAQUIL	CONSTRUCTORA ALECONS SA	Services	5261	0	5118
EC0190086003001	QUITO	CONSTRUCTORA BECERRA CUESTA C LTDA	Services	25370	0	14951
EC1891743706001	AMBATO	CONSTRUCTORA CHANGO Y ASOCIADOS CIA. LTDA.	Services	807	0	600
EC0990954429001	GUAYAQUIL	CONSTRUCTORA CONFACING C. LTDA.	Manufacturing; Wholesale	5161	0	5118
EC1191749371001	LOJA	CONSTRUCTORA CONSULTORA ORTEGA Y ORTEGA CCOO CIA. LTDA.	Manufacturing	1274	0	600
EC0992123052001	GUAYAQUIL	CONSTRUCTORA CRIBECA S.A.	Services	2151	0	1752
EC0990923094001	GUAYAQUIL	CONSTRUCTORA E INMOBILIARIA VALERO CONSTRUVALERO S.A.	Services	733	2075	600
EC0992488565001	GUAYAQUIL	CONSTRUCTORA ECUATORIANA S.A. CONSTRURIANA	Services	2132	0	1752
EC0992844248001	GUAYAQUIL	CONSTRUCTORA EQUA LITORAL CONSEQUALISA S.A.	Retail	8272	0	5118
EC0691711358001	RIOBAMBA	CONSTRUCTORA FABYPAL CIA. LTDA.	Services	2126	0	1752
EC1790151506001	QUITO	CONSTRUCTORA IMPORTADORA ALVAREZ BURBANO S.A.	Services	1526	2950	600
EC0190349551001	CUENCA	CONSTRUCTORA LOPEZ GUILLEN CIA. LTDA.	Services	1460	0	600
EC1791958071001	QUITO	CONSTRUCTORA MAZAR IMPREGILO-HERDOIZA CRESPO	Services	396486	0	372678
EC1691702568001	PUYO	CONSTRUCTORA PEREZ DEL ORIENTE CIA. LTDA.	Manufacturing	700	0	600
EC1791105567001	QUITO	CONSTRUCTORA SOLIS CONSOLSAL S.A.	Services	1019	0	600
EC0992800550001	GUAYAQUIL	CONSTRUCTORA TORO LAMA S.A. CONSTORLAM	Wholesale	950	0	600
EC1792331277001	QUITO	CONSTRUCTORA VASCONEZ PAREDES INGENIERIA Y CONSTRUCCION CIA. LTDA.	Services	3313	0	1752
EC0990853037001	GUAYAQUIL	CONSTRUCTORA ZAMBRANO ZAMCONS S. A.	Services	740	0	600
EC0990197555001	GUAYAQUIL	CONSTRUCTORES CIVILES ASOCIADOS CIA LTDA CONCIVA	Wholesale	975	0	600
EC0992737786001	GUAYAQUIL	CONSTRUMARNAN S.A.	Services	1123	0	600
EC0991235396001	GUAYAQUIL	CONSULCREDITO SOCIEDAD FINANCIERA S.A.	Manufacturing	864	9329	600
EC0992260378001	GUAYAQUIL	CONSULTORA AMBIENTAL ECOSAMBITO C. LTDA.	Wholesale	3458	4531	1752
EC1790438163001	QUITO	CONSULTORA DE INGENIERIA ESTUDIOS Y PERFORACION DE SUELOS CIEPER CL	Services	1751	0	600
EC1792281377001	QUITO	CONSULTORA EN GEOTECNOLOGIAS CONSULTGEO CIA. LTDA.	Wholesale	628	0	600
EC0190005070001	QUITO	CONTINENTAL TIRE ANDINA S.A.	Manufacturing	173442	155593	127579
EC0992646764001	GUAYAQUIL	CONTROL TOTAL S.A. CONTROTALSA	Services	2446	0	1752
EC0992671149001	GUAYAQUIL	CONTROLCAR S.A.	Manufacturing	879	0	600
EC17556	RECOLETA	COOPAD	Wholesale	1802	16061	1752
EC1791786181001	QUITO	COOPER GAY ECUADOR C.A.	Services	2475	0	1752
EC54340	CALCETA	COOPERATIVA AHORRO Y CREDITO CALCETA LTDA	Services	2596	19723	1752
EC15785	MANABI	COOPERATIVA DE AHORRO Y CREDITO 15 DE ABRIL LTDA	Manufacturing	6346	77175	5118
EC53517	QUITO	COOPERATIVA DE AHORRO Y CREDITO 23 DE JULIO LTDA	Services	13834	117974	5118
EC53503	QUITO	COOPERATIVA DE AHORRO Y CREDITO 29 DE OCTUBRE LTDA	Services	29994	339752	14951
EC20768	GUAYAQUIL	COOPERATIVA DE AHORRO Y CREDITO 9 DE OCTUBRE LTDA	Manufacturing	1394	11674	600
EC53515	QUITO	COOPERATIVA DE AHORRO Y CREDITO ALIANZA DEL VALLE LTDA	Services	16093	173293	14951
EC53518	QUITO	COOPERATIVA DE AHORRO Y CREDITO ANDALUCIA LTDA	Services	13783	156266	5118
EC53519	ATUNTAQUI	COOPERATIVA DE AHORRO Y CREDITO ATUNTAQUI	Services	13002	131130	5118
EC15829	CHONE	COOPERATIVA DE AHORRO Y CREDITO CHONE LTDA	Services	5274	40281	5118
EC15852	PORTOVIEJO	COOPERATIVA DE AHORRO Y CREDITO COMERCIO LTDA	Manufacturing; Wholesale	4382	44753	1752
EC53502	QUITO	COOPERATIVA DE AHORRO Y CREDITO CONSTRUCCION COMERCIO Y PRODUCCION LTDA	Services	5196	51601	5118
EC54297	QUITO	COOPERATIVA DE AHORRO Y CREDITO COOPROGRESO	Services	27002	313227	14951
EC53505	QUITO	COOPERATIVA DE AHORRO Y CREDITO COTOCOLLAO LTDA	Services	2820	23179	1752
EC15833	LOJA	COOPERATIVA DE AHORRO Y CREDITO DE LA PEQUENA EMPRESA CACPE LOJA	Manufacturing; Wholesale	4302	49516	1752
EC53501	LATACUNGA	COOPERATIVA DE AHORRO Y CREDITO DE LA PEQUENA EMPRESA DE COTOPAXI LTDA	Manufacturing	17105	182785	14951
EC15851	PUYO	COOPERATIVA DE AHORRO Y CREDITO DE LA PEQUENA EMPRESA DE PASTAZA	Services	6814	76043	5118
EC54295	QUITO	COOPERATIVA DE AHORRO Y CREDITO DESARROLLO DE LOS PUEBLOS CODESARROLLO	Services	10026	107103	5118
EC53510	AMBATO	COOPERATIVA DE AHORRO Y CREDITO EL SAGRARIO LTDA	Services	10843	129067	5118
EC15905	SPRINGFIELD	COOPERATIVA DE AHORRO Y CREDITO GUARANDA LTDA	Services	2948	36682	1752
EC20724	CUENCA	COOPERATIVA DE AHORRO Y CREDITO JARDIN AZUAYO	Services	32988	459872	14951
EC20730	CUENCA	COOPERATIVA DE AHORRO Y CREDITO JUVENTUD ECUATORIANA PROGRESISTA LTDA	Services	59854	828927	43674
EC20731	DURAN	COOPERATIVA DE AHORRO Y CREDITO LA DOLOROSA	Services	1444	12201	600
EC20736	AMBATO	COOPERATIVA DE AHORRO Y CREDITO MUSHUC RUNA	Retail; Services	15438	157782	14951
EC15882	EL ORO MACHALA	COOPERATIVA DE AHORRO Y CREDITO ONCE DE JUNIO LTDA	Services	4073	44712	1752
EC53516	GUAYAQUIL	COOPERATIVA DE AHORRO Y CREDITO OSCUS LTDA	Services	19550	297931	14951
EC20740	TULCAN	COOPERATIVA DE AHORRO Y CREDITO PABLO MUNOZ VEGA	Services	10215	103048	5118
EC15883	EL ORO, PINAS	COOPERATIVA DE AHORRO Y CREDITO PADRE JULIAN LORENTE LTDA	Services	3316	35606	1752
EC20749	ESQUINA	COOPERATIVA DE AHORRO Y CREDITO RIOBAMBA	Services	19493	239198	14951
EC53520	QUITO	COOPERATIVA DE AHORRO Y CREDITO SAN FRANCISCO DE ASIS LTDA	Services	3934	25208	1752
EC20748	AMBATO	COOPERATIVA DE AHORRO Y CREDITO SAN FRANCISCO LTDA	Services	22328	250964	14951
EC20752	SAN JOSE DE CHIMBO	COOPERATIVA DE AHORRO Y CREDITO SAN JOSE	Manufacturing	6417	93585	5118
EC20755	SANTA ANA	COOPERATIVA DE AHORRO Y CREDITO SANTA ANA LTD	Services	1408	12079	600
EC20759	MACHALA	COOPERATIVA DE AHORRO Y CREDITO SANTA ROSA	Services	10661	100853	5118
EC20761	ESQUINA	COOPERATIVA DE AHORRO Y CREDITO TULCAN LTDA	Manufacturing	8964	90894	5118
EC20734	LOJA	COOPMEGO	Services	11805	236493	5118
ECFEI1021165	QUITO	COOPSEGUROS DEL ECUADOR SA COMPANIA DE SEGUROS Y REASEGUROS	Services	10748	9339	5118
EC0992512369001	GUAYAQUIL	COPYRED S.A.	Wholesale	952	0	600
EC0992760796001	GUAYAQUIL	CORAGROFRUT S.A.	Manufacturing	1288	0	600
EC1792247934001	QUITO	CORMOVILTELCO S.A.	Manufacturing; Wholesale	4297	0	1752
EC0992229047001	GUAYAQUIL	CORNEMO S.A.	Wholesale	998	0	600
EC0190167348001	CUENCA	CORPORACION AZENDE S.A.	Wholesale	35720	51772	14951
EC0992514272001	GUAYAQUIL	CORPORACION CATARINO SOCIEDAD ANONIMA	Manufacturing	705	0	600
EC0992426357001	GUAYAQUIL	CORPORACION CELESTE S.A.	Services	47772	73088	43674
EC30129LE	QUITO	CORPORACION CIVIL BOLSA DE VALORES DE QUITO	Services	2662	5812	1752
EC1790968790001	QUITO	CORPORACION COMERCIAL REYES ''COMREY CIA.LTDA.''	Manufacturing; Wholesale	5143	0	5118
EC1791369378001	QUITO	CORPORACION DE DESARROLLO DE MERCADO SECUNDARIO DE HIPOTECAS CTH S.A.	Services	4500	41534	1752
EC0992530251001	GUAYAQUIL	CORPORACION DELICO CIA. LTDA.	Services	10292	5220	5118
EC1790140083001	QUITO	CORPORACION ECUATORIANA DE ALUMINIO SA CEDAL	Manufacturing; Wholesale	68965	69671	43674
EC0990004196001	GUAYAQUIL	CORPORACION EL ROSADO S.A.	Retail	1051619	620249	372678
EC1790016919001	QUITO	CORPORACION FAVORITA C.A.	Wholesale; Retail	1958295	1342992	1088652
EC1760003090001	QUITO	CORPORACION FINANCIERA NACIONAL CFN	Services	204515	3687398	127579
EC0992161175001	GUAYAQUIL	CORPORACION LATINOAMERICANA DE SOFTWARE SOCIEDAD ANONIMA (C.O.R.L.A.S.O.S.A.)	Services	3147	0	1752
EC0990560536001	GUAYAQUIL	CORPORACION MULTIBG S.A.	Services	6609	139342	5118
EC0992347430001	SAMBORONDON	CORPORACION SAMBORONDON S.A.	Services	32632	28525	14951
EC0992659440001	GUAYAQUIL	CORPTAMA S.A.	Manufacturing	681	0	600
EC0991375430001	GUAYAQUIL	CORRAL ROSALES CARMIGNIANI PEREZ C. L.	Services	1607	0	600
EC1791767071001	GUAYAQUIL	COSMETICOS E-COS S.A.	Manufacturing; Wholesale	4316	0	1752
EC1792042895001	QUITO	COSTA Y SIERRA COMPANIA DE ALIMENTOS Y COMIDAS COMALIMSA S.A.	Wholesale	1830	0	1752
EC0990779295001	GUAYAQUIL	CREACIONAL SA	Manufacturing	15178	0	14951
EC1791710576001	QUITO	CREACIONES DAP S.A.	Services	2793	0	1752
EC0990442991001	DURAN	CRIMASA CRIADERO DE MARISCOS S.A.	Services	10899	5740	5118
EC0990021279001	GUAYAQUIL	CRISTALERIA DEL ECUADOR S.A. (CRIDESA)	Manufacturing	67417	77597	43674
EC0992473274001	GUAYAQUIL	CRISTALTECH S.A.	Manufacturing	11878	0	5118
EC0992682981001	MANTA	CROPILETTO S.A.	Manufacturing	847	0	600
EC1791045661001	QUITO	CRUZ DEL SUR CRUSUR CIA. LTDA.	Manufacturing	1193	0	600
EC1791729625001	PIFO	CUEVA NEVAREZ & ASOCIADOS CIA. LTDA.	Services	3265	0	1752
EC1791795288001	QUITO	CUSIMANO IMPORT CIA. LTDA	Services	1075	0	600
EC1791938046001	QUITO	DAIHAUTO S.A.	Manufacturing	1296	0	600
EC0992715294001	GUAYAQUIL	DALACHI S.A.	Wholesale	969	0	600
EC0992105305001	GUAYAQUIL	DAMCO ECUADOR S.A.	Manufacturing	1170	0	600
EC1791288777001	QUITO	DANIELCOM EQUIPMENT SUPPLY S.A	Services	12297	14344	5118
EC0992616431001	GUAYAQUIL	DAPRIS FASHION S.A.	Wholesale	1888	0	1752
EC1791295129001	QUITO	DDRI URIBES Y ASOCIADOS CIA. LTDA.	Manufacturing	693	0	600
EC1791767365001	QUITO	DE AVILA INDUSTRIAS Y COMERCIO CIA. LTDA	Manufacturing	843	0	600
EC1792505178001	QUITO	DECCOULSAN S.A.	Services	1677	0	600
EC1792202728001	QUITO	DECORTELAS CIA. LTDA.	Wholesale	1886	0	1752
EC1790992748001	QUITO	DECORTINAS DECORACION Y CORTINAS CIA. LTDA.	Services	1449	0	600
EC1791812255001	QUITO	DEKORANDO CABINAS PARA BANO CIA. LTDA	Services	1491	0	600
EC0991265414001	SAMBORONDON	DELCORP SA	Manufacturing	45486	43217	43674
EC1791282833001	QUITO	DELIPAN S.A.	Manufacturing	1290	0	600
EC1792408865001	QUITO	DELTATECHSOL INGENIERIA C.A.	Wholesale	619	0	600
EC1791302958001	QUITO	DEPORTES Y RECREACION FICCHUR CIA. LTDA.	Retail	8421	0	5118
EC1792014808001	QUITO	DESCASERV ECUADOR S.A.	Services	26695	0	14951
EC0992231092001	MILAGRO	DEVIES CORP S.A.	Retail	63960	13207	43674
EC1791878280001	QUITO	DEXICORP S.A.	Services	6092	40712	5118
EC1791334477001	QUITO	DHL GLOBAL FORWARDING (ECUADOR) S.A.	Services	2370	0	1752
EC1790334791001	QUITO	DICHEM DEL ECUADOR S.A.	Manufacturing	6510	6928	5118
EC1790819515001	QUITO	DILIPA, DISTRIBUIDORA DE LIBROS Y PAPELERIA C.LTDA.	Wholesale	30221	14745	14951
EC1791711513001	QUITO	DINARTIVO CIA. LTDA.	Services	737	0	600
EC1790283380001	QUITO	DINERS CLUB DEL ECUADOR	Services	280326	1595519	127579
EC1792376882001	QUITO	DINUSA S.A.	Services	9984	0	5118
EC1390060757001	QUITO	DIPAC MANTA S.A.	Wholesale	69979	36312	43674
EC1790967999001	QUITO	DISCOS Y CASETS DISCASETS S.A.	Manufacturing	1314	0	600
EC0990529477001	GUAYAQUIL	DISELMAQ CIA LTDA	Wholesale	1846	0	1752
EC30161LE	GUAYAQUIL	DISMEDSA S.A.	Services	56073	79768	43674
EC2190000349001	NUEVA LOJA	DISOR DISTRIBUIDORES DEL ORIENTE CIA. LTDA.	Retail	11796	0	5118
EC1191717011001	CARIAMANGA	DISTRIBUIDORA CARRASCO - DAVILA CIA. LTDA.	Services	2357	0	1752
EC0990500967001	GUAYAQUIL	DISTRIBUIDORA DE MATERIALES DE CONSTRUCCION SAN EDUARDO C LTDA	Manufacturing	698	0	600
EC0790079493001	MACHALA	DISTRIBUIDORA DE MATERIALES DE CONSTRUCCION Y ELECTRICOS SANIELEC C. LTDA	Services	1065	0	600
EC1191739511001	VILCABAMBA VICTORIA	DISTRIBUIDORA DELGADO DISDEL CIA. LTDA.	Wholesale	650	0	600
EC1791241738001	QUITO	DISTRIBUIDORA DEPORTIVA DIDE S.A.	Services	7062	0	5118
EC0990858322001	GUAYAQUIL	DISTRIBUIDORA FARMACEUTICA ECUATORIANA DIFARE S.A.	Wholesale	640498	251676	372678
EC0990789061001	GUAYAQUIL	DISTRIBUIDORA IMPORTADORA DIPOR S.A.	Wholesale	343122	74896	127579
EC1792361087001	QUITO	DISTRICOYOSA C.A.	Wholesale	638	0	600
EC1792279038001	QUITO	DISTRIMAC S.A.	Services	782	0	600
EC0991284214001	GUAYAQUIL	DITECA S.A.	Wholesale; Services	47092	63533	43674
EC1090106453001	IBARRA	DIVALLE CIA. LTDA.	Services	3423	0	1752
EC0990319723001	GUAYAQUIL	DOLMEN S.A.	Services	4287	17682	1752
EC0990886326001	GUAYAQUIL	DOMALE S.A	Services	12713	0	5118
EC1791956451001	QUITO	DONNATERRA S.A.	Manufacturing	856	0	600
EC0991295186001	GUAYAQUIL	DONUT HOUSE S.A.	Services	2083	0	1752
EC0992474904001	GUAYAQUIL	DREAMSPOWER S.A.	Services	3328	0	1752
EC0991352333001	GUAYAQUIL	DSV-GL ECUADOR S.A.	Services	2521	0	1752
EC0990856583001	GUAYAQUIL	DUPOCSA PROTECTORES QUIMICOS PARA EL CAMPO S.A.	Manufacturing	20843	20143	14951
EC1792433436001	QUITO	DUSTLAND MEDIA CIA. LTDA.	Services	745	0	600
EC0992486740001	GUAYAQUIL	DYLEYNG S.A.	Services	3150	0	1752
EC0992815191001	GUAYAQUIL	DYSOLTEXA S.A.	Services	730	0	600
EC1792254256001	QUITO	DYSTARECUADOR CIA. LTDA.	Manufacturing	1394	0	600
EC1792559359001	QUITO	EBM ECUADOR S.A.	Manufacturing	686	0	600
EC0992339012001	GUAYAQUIL	ECOENVASES C. LTDA.	Manufacturing	1234	0	600
EC1391775946001	MONTECRISTI	ECOFIBRA ASOCIADOS S.A. ECOFIBRASOC	Manufacturing	1265	0	600
EC0992434996001	SAMBORONDON	ECONOTRANS ECUADOR S.A.	Manufacturing	1262	0	600
EC0992692928001	GUAYAQUIL	ECOPROM S.A.	Manufacturing	850	0	600
EC1792339375001	QUITO	ECOSONIDO CIA. LTDA.	Services	1409	0	600
EC0992252146001	GUAYAQUIL	ECUADOR BROADCAST CORPORATION S.A. EBCA	Services	1938	0	1752
EC1792282241001	QUITO	ECUADOR INTERNATIONAL FOOD FRANCHISES S.A. FOODFRAN	Wholesale	938	0	600
EC1391775083001	QUITO	ECUADOR TAX COMPANY CIA. LTDA.	Services	1037	0	600
EC1790007227001	QUITO	ECUADORIAN TOURS AGENCIA DE VIAJES Y TURISMO SA	Services	2955	0	1752
EC0991302298001	GUAYAQUIL	ECUAESTIBAS S.A.	Services	8162	0	5118
EC0990494878001	GUAYAQUIL	ECUAIMCO S.A.	Wholesale	27387	18006	14951
EC1792283795001	QUITO	ECUAKIMIPOL S.A.	Services	781	0	600
EC0991421343001	GUAYAQUIL	ECUALIQUIDOS S.A.	Services	1008	0	600
EC1792467721001	GUAYAQUIL	ECUAMINING MINERAL S.A.	Wholesale	620	0	600
EC0990360995001	GUAYAQUIL	ECUANAVE C.A.	Services	8509	9063	5118
EC0990018707001	GUAYAQUIL	ECUAQUIMICA ECUATORIANA DE PRODUCTOS QUIMICOS CA	Services	2694	0	1752
EC1792053471001	QUITO	ECUATORIANA DE CONVERSION ECUACONVERSION S.A.	Wholesale	631	0	600
EC1790143007001	GUAYAQUIL	ECUATORIANA DE GRANOS S.A.	Services	23606	29108	14951
EC1790827356001	QUITO	ECUATORIANA DE LENTES ELENS S.A.	Wholesale	6277	0	5118
EC30030LE	QUITO	ECUATORIANA DE SANITARIOS S.A. EDESA	Manufacturing	31227	49784	14951
EC1791909690001	QUITO	ECUATORIANA DE SERVICIOS INMOBILIARIA Y CONSTRUCCIONES ESEICO S.A.	Services	36242	38160	14951
EC1792444861001	QUITO	EDITORES DE DIARIOS LOCALES EDITDILO S.A.	Services	768	0	600
EC0992658835001	GUAYAQUIL	EDUBEY S.A.	Services	3117	0	1752
EC0992833971001	GUAYAQUIL	ELECTRICA DEL ECUADOR S.A. ELECTRIECU	Wholesale	606	0	600
EC0992667435001	GUAYAQUIL	ELECTRIFILT S. A. ELECTRICOS Y FILTROS	Manufacturing	707	0	600
EC1792291410001	QUITO	ELECTRONA MODULAR CIA. LTDA.	Manufacturing	1235	0	600
EC0991243844001	GUAYAQUIL	ELECTRONICA SIGLO XXI ELECTROSIGLO S. A.	Wholesale	73361	29422	43674
EC1791769708001	QUITO	ELI LILLY INTERAMERICA INC.	Services	1728	0	600
EC0992655275001	GUAYAQUIL	EMPACADORA CRUSTAMAR S.A. ''EMPACRUSA''	Wholesale	933	0	600
EC1790012158001	QUITO	EMPRESA DURINI INDUSTRIA DE MADERA C.A.	Manufacturing	68600	39003	43674
EC1090051721001	IBARRA	EMPRESA ELECTRICA REGIONAL NORTE SA EMELNORTE	Services	1617	0	600
EC1790163067001	QUITO	EMPRESA NACIONAL DE OXIGENO ENOX S.A.	Manufacturing	1162	0	600
EC1791142136001	GUAYAQUIL	EMPRESA PESQUERA ECUATORIANA S.A. EMPESEC	Manufacturing	1327	0	600
EC1791860829001	SANTO DOMINGO	EMPRESA PROVEEDORA DE MOTORES EMPROMOTOR CIA. LTDA.	Retail; Services	15474	6341	14951
EC1768153530001	QUITO	EMPRESA PUBLICA DE HIDROCARBUROS DEL ECUADOR - EP PETROECUADOR	Manufacturing	9284455	9661557	3180127
EC1792214394001	QUITO	EMPREVENECU S.A.	Manufacturing	5949	0	5118
EC1792113091001	QUITO	ENELOJOFILMS CIA. LTDA.	Manufacturing	1335	0	600
EC1391738986001	SAMBORONDON	ENERGY & PALMA ENERGY PALMA S.A.	Services	12639	108624	5118
EC0992706899001	GUAYAQUIL	ENERTECNO S.A.	Manufacturing	5919	0	5118
EC1792242886001	SANGOLQUI	ENPRINTOFFSET CIA. LTDA.	Manufacturing	720	0	600
EC1791715411001	RIOBAMBA	ENTERSYSTEMS LATINOAMERICANA DE COMPUTADORAS&SISTEMAS CIA. LTDA.	Wholesale	3512	0	1752
EC0992577088001	GUAYAQUIL	ENTREDIENTES CATERING SERVICE S.A.	Manufacturing	1170	0	600
EC0992447524001	GUAYAQUIL	ENTRETENIMIENTO DEL PACIFICO S.A. ENTREPASA	Manufacturing	713	0	600
EC0990041105001	GUAYAQUIL, GUAYAS	ENVASES DEL LITORAL S.A.	Manufacturing	65442	116012	43674
EC1792512409001	QUITO	EPSODECUA CIA. LTDA.	Services	2417	0	1752
EC1791317939001	QUITO	EQUIGRUPO S.A.	Manufacturing; Wholesale	4395	0	1752
EC1791334027001	QUITO	EQUIPOS DE VIGILANCIA Y CONTROL EVIGISA S.A.	Services	2538	0	1752
EC1792228808001	ZARUMA	EQUITECHCONS CIA. LTDA.	Wholesale	3507	0	1752
EC1791273486001	QUITO	EQUIVIDA COMPANIA DE SEGUROS Y REASEGUROS SA	Services	80841	57215	43674
EC1790014541001	QUITO	ERICSSON DE ECUADOR C.A.	Services	4119	0	1752
EC0992305525001	GUAYAQUIL	ESCOFFEE S.A.	Wholesale	629	0	600
EC0992463651001	GUAYAQUIL	ESCUELA DE CAPACITACION AUTOMOVILISTICA DEL ECUADOR C. LTDA. ECAUTE	Manufacturing	1220	0	600
EC0990134294001	GUAYAQUIL	ESCULAPIO S.A.	Services	32617	26386	14951
EC0992211237001	GUAYAQUIL	ESLIVE S.A.	Wholesale	6271	18667	5118
EC1792249198001	QUITO	ESTACION DE SERVICIO SANGOLQUI SERVISANGOLQUI CIA. LTDA.	Manufacturing; Wholesale	4878	0	1752
EC1790315576001	QUITO	ESTUDIO JURIDICO DE PROPIEDAD INTELECTUAL JULIO C. GUERRERO B. S.A.	Manufacturing	1251	0	600
EC0990006164001	GUAYAQUIL	ETICA EMPRESA TURISTICA INTERNACIONAL C.A.	Services	55254	60201	43674
EC0990158630001	GUAYAQUIL	ETINAR S.A.	Manufacturing	30854	44090	14951
EC1792467195001	QUITO	EUROBIKE S.A.	Services	1039	0	600
EC1390149219001	MANTA	EUROFISH S.A.	Wholesale	86732	106590	43674
EC1792491053001	QUITO	EUROLIMO SUPPLY EUROSUPPLY S.A.	Manufacturing	827	0	600
EC1791898117001	QUITO	EUROPINTAR DEL ECUADOR CIA. LTDA.	Wholesale	634	0	600
EC0990209898001	GUAYAQUIL	EXOFRUT S.A.	Manufacturing	17240	20917	14951
EC1791825292001	QUITO	EXPEDITIONTOURS S.A.	Services	1703	0	600
EC1792082692001	QUITO	EXPERIENCIAS WUNDERMAN S.A.	Manufacturing	844	0	600
EC1792431565001	QUITO	EXPLORACIONES MINERAS ANDINAS ECUADOR EMSAEC S.A.	Services	7582	0	5118
EC1791250966001	QUITO	EXPOEVENTOS EXEV CIA. LTDA.	Services	5313	0	5118
EC0990637679001	GUAYAQUIL	EXPORTADORA DE ALIMENTOS S. A.	Manufacturing; Wholesale	282953	66993	127579
EC0992429860001	GUAYAQUIL	EXPOTUNA S.A.	Manufacturing	685	0	600
EC1792171946001	QUITO	EXPRESSGRILL CIA. LTDA.	Services	2266	0	1752
EC1790300404001	MONTECRISTI	EXTRACTORA AGRICOLA RIO MANSO EXA S.A.	Manufacturing	73420	29747	43674
EC1791774728001	QUITO	EY ADDVALUE ASESORES CIA. LTDA.	Wholesale	602	0	600
EC1791242327001	QUITO	FABRIDOR FABRICATO DEL ECUADOR S.A.	Services	2202	0	1752
EC0992551607001	GUAYAQUIL	FABRIKMODULOS S.A.	Services	782	0	600
EC1792187370001	QUITO	FADTEXTIL S.A.	Services	770	0	600
EC0991363041001	GUAYAQUIL	FARBEM S.A.	Services	23159	0	14951
EC0992382929001	MILAGRO	FARGEN S.A.	Services	2304	0	1752
EC1791984722001	QUITO	FARMAENLACE CIA. LTDA.	Wholesale	256323	88527	127579
EC0991288945001	GUAYAQUIL	FELVENZA S.A.	Services	1992	0	1752
EC1791401344001	QUITO	FERMAGRI S.A.	Wholesale	29033	16168	14951
EC0992696087001	DAULE	FERREGAMA S.A.	Services	2269	0	1752
EC0992256230001	GUAYAQUIL	FERREMUNDO S.A.	Retail	76496	51505	43674
EC1792573408001	QUITO	FERRERE ABOGADOS ECUADOR FEREC S.A.	Wholesale	961	0	600
EC1891748848001	NUEVA LOJA	FERRETERIA AMBATO FERAMBATO CIA. LTDA.	Services	3075	0	1752
EC1792090121001	MACHACHI	FERRETERIA EL CARACOL FERRECARACOL CIA. LTDA.	Services	2806	0	1752
EC1792113415001	QUITO	FERRETERIA ORBEA -FERREORB- CIA. LTDA.	Services	2244	0	1752
EC0591705555001	LATACUNGA	FERRETOL CIA. LTDA.	Manufacturing	1255	0	600
EC0992687266001	GENERAL ANTONIO ELIZALDE BUCAY	FERRIZARATE S.A.	Wholesale	609	0	600
EC1790030008001	QUITO	FERRO TORRE S.A.	Manufacturing; Wholesale	32453	31651	14951
EC1792043034001	QUITO	FERTILIZANTES Y AGROQUIMICOS EUROPEOS EUROFERT S.A.	Services	12137	11560	5118
EC1790021963001	QUITO	FIBERGLAS INDUSTRIAL Y COMERCIAL C LTDA	Services	819	0	600
EC0992346701001	QUITO	FIDERAM S.A.	Services	19377	0	14951
EC2191723050001	PUERTO EL CARMEN DE PUTUMAYO	FIGUEROA & BUNAY CONSTRUCCIONES Y SERVICIOS CIA. LTDA.	Manufacturing	858	0	600
EC0991440429001	GUAYAQUIL	FIGURETTI S.A.	Services	5199	7429	5118
EC1792076749001	QUITO	FILMEIKERS S.A.	Services	1749	0	600
EC53533	GUAYAQUIL	FINANCIERA DE LA REPUBLICA SA	Wholesale	1843	26253	1752
EC0992642262001	GUAYAQUIL	FIRESKY S.A.	Wholesale	1000	0	600
EC1790004147001	QUITO	FIRMESA INDUSTRIAL CIA. LTDA.	Services	12558	11473	5118
EC0990008647001	GUAYAQUIL	FISA FUNDICIONES INDUSTRIALES S.A.	Manufacturing	37719	72337	14951
EC0992717432001	GUAYAQUIL	FJ SERVINDUSTRIA CIA. LTDA.	Services	2248	0	1752
EC1090067563001	IBARRA	FLORALP S.A.	Manufacturing	29779	17955	14951
EC0992799048001	GUAYAQUIL	FLUSSO S.A.S.	Wholesale	668	0	600
EC0992308427001	GUAYAQUIL	FONTAINE S.A.	Wholesale	654	0	600
EC1790979229001	QUITO	FORMA INDUSTRIA DE MUEBLES FORMADEL CIA. LTDA.	Wholesale	973	0	600
EC0992490241001	GUAYAQUIL	FRANCIO S.A.	Wholesale	980	0	600
EC1791935608001	QUITO	FRESH LOGISTICS CARGA CIA. LTDA.	Manufacturing	684	0	600
EC0992606274001	GUAYAQUIL	FRESH MARKET S.A. FRESHMARKET	Wholesale	648	0	600
EC0992353260001	GUAYAQUIL	FRUTA BAR S.A. BARFRUIT	Services	1091	0	600
EC0791702496001	MACHALA	FRUTA RICA FRUTARIC S.A.	Services	1768	0	1752
EC1791860055001	QUITO	FRUTERA DEL LITORAL CIA. LTDA.	Retail	35925	23016	14951
EC0791725828001	SAMBORONDON	FRUTIBONI S.A.	Services	12660	0	5118
EC0990183899001	GUAYAQUIL	FUROIANI OBRAS Y PROYECTOS S.A.	Services	39805	53482	14951
EC1792349087001	QUITO	FUTBOL FACTORY FUTFACT CIA. LTDA.	Services	1515	0	600
EC1791435788001	QUITO	G ADVENTURES S.A. GADSADOR	Manufacturing	674	0	600
EC0992448334001	PUERTO AYORA	GALAPACIFIC S.A.	Services	2652	0	1752
EC0992573449001	PUERTO AYORA	GALAPAGOS MARITIME AGENTS GALAGENTS S.A.	Services	1011	0	600
EC0992689536001	GUAYAQUIL	GALARZA MOTORS COMPANY GALARZAMOTORS S.A.	Manufacturing; Wholesale	4441	0	1752
EC0991463275001	GUAYAQUIL	GALARZAUTO S.A.	Services	1585	0	600
EC0991076395001	GUAYAQUIL	GALASCUBA S.A.	Services	2267	0	1752
EC1792368383001	QUITO	GALILEOENERGY S.A.	Services	1032	0	600
EC2190003844001	NUEVA LOJA	GALINDO JOHNSON REPRESENTACIONES CIA. LTDA.	Services	4186	0	1752
EC1790457567001	QUITO	GALO G. ORBEA O. C LTDA	Manufacturing	1352	0	600
EC0992381167001	GUAYAQUIL	GALO SALAZAR MURILLO & ASOCIADOS S.A.	Wholesale	633	0	600
EC0991332227001	GUAYAQUIL	GAMAQUIMICA S.A.	Wholesale	657	0	600
EC0992600888001	GUAYAQUIL	GATEIMPORT S.A.	Manufacturing	1381	0	600
EC0990064733001	GUAYAQUIL	GENERALI ECUADOR, COMPANIA DE SEGUROS SA	Services	33155	38940	14951
EC1792055415001	QUITO	GENPETROSERV GENERAL PETROLEOS Y SERVICIOS S.A.	Services	1041	0	600
EC1792212669001	QUITO	GEODIS GLOBAL SOLUTIONS ARGENTINA S.A.	Services	1109	0	600
EC1790842436001	QUITO	GEORAMA S.A.	Services	2265	0	1752
EC1790892565001	QUITO	GEP SERVICIOS Y CONSTRUCCIONES S.A.	Services	1010	0	600
EC0992628642001	GUAYAQUIL	GERENTEAM S.A.	Wholesale	615	0	600
EC1791272609001	QUITO	GESTORINCSA S.A.	Wholesale	3580	0	1752
EC0992557168001	GUAYAQUIL	GHIBERTY S.A.	Services	2369	0	1752
EC0992741597001	GUAYAQUIL	GIBELAR S.A.	Services	2055	0	1752
EC0992189665001	ELOY ALFARO	GILAMLEG C.A.	Manufacturing	1221	0	600
EC0992457198001	GUAYAQUIL	GIPSOFLEX S.A.	Services	789	0	600
EC0991295437001	GUAYAQUIL	GISIS S.A	Manufacturing	244265	155854	127579
EC1190090503001	LOJA	GLASSVIT VIDRIO TEMPLADO CIA. LTDA.	Services	742	0	600
EC0991458050001	GUAYAQUIL	GLOBAL INTERACTIONS S.A. GLOBINTER	Services	2332	0	1752
EC54341	GUAYAQUIL	GLOBAL SOCIEDAD FINANCIERA SA	Services	2074	25625	1752
EC1790749274001	QUITO	GLOBAL'S DISTRIBUIDOR C LTDA	Manufacturing	682	0	600
EC1791730534001	GUAYAQUIL	GLOBALENVIOS S.A	Manufacturing	671	0	600
EC0992662360001	SAMBORONDON	GOLDEN VALUE COMPANY S.A. GOVALUE	Wholesale	6156	0	5118
EC1792075696001	QUITO	GOODYEAR INTERNATIONAL CORPORATION	Manufacturing	692	0	600
EC1791954513001	QUITO	GRAND CIRCLE ECUADOR GCT C. LTDA.	Manufacturing	700	0	600
EC0991327258001	GUAYAQUIL	GREENANDES ECUADOR S.A.	Manufacturing	1274	0	600
EC0992429364001	GUAYAQUIL	GRIFINE S.A.	Wholesale	14439	18796	5118
EC0992540591001	GUAYAQUIL	GRUPO IMAR S.A. GRUPIMARSA	Wholesale	11640	5555	5118
EC0992838957001	GUAYAQUIL	GRUPO MSA S.A.	Wholesale	3494	0	1752
EC1790811905001	QUITO	GUANGUILQUI AGROPECUARIA INDUSTRIAL S.A. GUAISA	Services	1131	0	600
EC0992614838001	GUAYAQUIL	GUAYAQUIL CHANG JIANG SHOES S.A.	Services	1530	0	600
EC0992306564001	GUAYAQUIL	GUSNOBE S.A.	Services	1490	0	600
EC1790580113001	QUITO	H.O.V. HOTELERA QUITO SA	Services	19207	44105	14951
EC1790528782001	QUITO	HALLIBURTON LATIN AMERICA S.R.L.	Services	4104	0	1752
EC1791264118001	QUITO	HERBALIFE DEL ECUADOR S.A.	Wholesale	668	0	600
EC0992614781001	GUAYAQUIL	HERBCON S.A.	Manufacturing	859	0	600
EC1792330173001	QUITO	HERNANDEZ TORRES DISENO Y CONSTRUCCION CIA. LTDA.	Manufacturing	846	0	600
EC1792164583001	QUITO	HIDALGO & BAQUERO CONSTRUCCIONES CIA. LTDA.	Services	10405	0	5118
EC0991295542001	GUAYAQUIL	HISPANA DE SEGUROS SA	Services	22787	29921	14951
EC0992410787001	GUAYAQUIL	HISPANIGRAND S.A.	Wholesale	6335	0	5118
EC1791301307001	QUITO	HOGARINCORP CIA. LTDA.	Services	732	0	600
EC0991383808001	GUAYAQUIL	HOLCIM ECUADOR S.A.	Manufacturing; Wholesale	557757	689296	372678
EC0992510404001	GUAYAQUIL	HOLDAGUAS S.A.	Services	1025	0	600
EC0992724919001	GUAYAQUIL	HOLDING TONICORP S.A.	Manufacturing	374963	278306	372678
EC0591719084001	LATACUNGA	HOLGUER MEDINA EL MAESTRO FERRETERIA CIA. LTDA.	Services	2985	0	1752
EC1791900618001	GUAYAQUIL	HOMELINE CIA. LTDA	Services	1137	0	600
EC1191744574001	LOJA	HORMIGONERA LOJA HORMILOJA CIA. LTDA.	Services	1129	0	600
EC0990267278001	GUAYAQUIL	HOTEL BOULEVARD (ELBOULEVARD) S.A.	Services	4194	16659	1752
EC1790033287001	QUITO	HOTEL COLON INTERNACIONAL C.A.	Services	41958	81388	14951
EC1791435354001	QUITO	HPI HUMAN PERSPECTIVES INTERNATIONAL CIA. LTDA.	Wholesale	1627	0	600
EC1791739116001	QUITO	HTM HIGH TECH MANUFACTURING CIA. LTDA	Services	1738	0	600
EC0990879540001	GUAYAQUIL	HUAMANSSUR C.A	Manufacturing	703	0	600
EC1790011674001	QUITO	IBM DEL ECUADOR C.A.	Manufacturing	900	0	600
EC1791836952001	QUITO	ICAP DEL ECUADOR S.A	Services	2542	0	1752
EC0992504544001	QUITO	ILEDNYM S.A.	Services	3112	0	1752
EC0992477369001	GUAYAQUIL	ILYXCORP S.A.	Manufacturing	1177	0	600
EC0992467967001	GUAYAQUIL	IMANCORPORATE S.A.	Services	1018	0	600
EC1090077135001	IBARRA	IMBAUTO S.A.	Retail; Services	66827	36743	43674
EC1792479339001	QUITO	IMBERLUMBER DEL ECUADOR CIA. LTDA	Services	1489	0	600
EC0992273283001	GUAYAQUIL	IMPORPOINT S.A.	Services	6918	20022	5118
EC1792287316001	QUITO	IMPORTADORA AUTOMOTRIZ MARISCAL CHAVEZ CIA. LTDA.	Manufacturing	697	0	600
EC0992781505001	GUAYAQUIL	IMPORTADORA COMERCIAL LEON S.A. IMCOMLEOSA	Services	2936	0	1752
EC0992287500001	GUAYAQUIL	IMPORTADORA COMERCIAL MAXIMA S.A. IMPORMAXIMA	Services	1474	0	600
EC1790608840001	QUITO	IMPORTADORA COMERCIAL OCHOA S.A. ICO INTERNACIONAL	Wholesale	1824	0	1752
EC1792134501001	QUITO	IMPORTADORA DE MATERIALES Y SERVICIOS PETROLEROS IMSPETRO S.A.	Manufacturing	669	0	600
EC1792418607001	QUITO	IMPORTADORA DISTRIAL CIA. LTDA.	Services	1083	0	600
EC0992783265001	GUAYAQUIL	IMPORTADORA FERRETERIA MOLINA S.A. IMFERMOSA	Services	2896	0	1752
EC0991098127001	GUAYAQUIL	IMPORTADORA INDUSTRIAL AGRICOLA DEL MONTE SOCIEDAD ANONIMA	Wholesale	38639	40727	14951
EC1391746377001	QUEVEDO	IMPORTADORA MADOBA S.A.	Services	2000	0	1752
EC0992287497001	GUAYAQUIL	IMPORTADORA MONTERO S.A. IMPORMONTERO	Manufacturing	1178	0	600
EC0992817372001	GUAYAQUIL	IMPORTADORA NAR-CAS S.A. IMPNARCAS	Manufacturing	685	0	600
EC0190140008001	CUENCA	IMPORTADORA SAYAM DE COMERCIO S.A.	Manufacturing	870	0	600
EC1792171709001	QUITO	IMPORTADORA TRAILER REPUESTOS S.A. IMPORTRAILER	Services	5636	0	5118
EC1790183750001	QUITO	IMPORTADORA VEGA S.A.	Wholesale; Retail	37732	22606	14951
EC1792270693001	QUITO	IMPORTADORA VINOTERRA S.A.	Manufacturing	1395	0	600
EC0990012253001	GUAYAQUIL	IMPORTADORA Y EXPORTADORA CARMIRANDA S.A.	Wholesale	610	0	600
EC1792119057001	QUITO	IMPORTADORA Y EXPORTADORA ORIENTAL GRAN DRAGON GRANORIENTAL CIA. LTDA.	Manufacturing	879	0	600
EC0992641010001	GUAYAQUIL	IMPORTVIPSA S.A.	Manufacturing	696	0	600
EC0992440694001	GUAYAQUIL	IMRELEVSA IMPORTADORA DE REPUESTOS ELECTRONICOS VELASCO S.A.	Services	6626	0	5118
EC0992355581001	GUAYAQUIL	IMTELSA S.A.	Services	2265	0	1752
EC0992247932001	GUAYAQUIL	INARPI S.A.	Services	16968	0	14951
EC1792394805001	QUITO	INBUSERETP S.A.	Services	2657	0	1752
EC1890138507001	AMBATO	INCUBADORA ANDINA INCUBANDINA S.A.	Services	18453	18661	14951
EC1792208270001	QUITO	INDEPENDENT ENERGY SERVICES ECUADOR IES S.A.	Services	1114	0	600
EC1792119308001	QUITO	INDEXPUBS S.A.	Services	732	0	600
EC0992785306001	GUAYAQUIL	INDUASERTIVA S.A.	Services	3175	0	1752
EC0990014094001	GUAYAQUIL	INDUAUTO S.A.	Wholesale	88403	49202	43674
EC0990562210001	ELOY ALFARO	INDUPESCA SA	Wholesale	660	0	600
EC1792133270001	QUITO	INDUSTRIA COMERCIAL PLASTICA MENDIETA CARRILLO CIA. LTDA.	Services	1412	0	600
EC0992643323001	MILAGRO	INDUSTRIA DE TORNO Y FUNDICION AVILA S.A. INDETFUNA	Manufacturing	716	0	600
EC0990562091001	GUAYAQUIL	INDUSTRIA ECUATORIANA DE CABLES INCABLE S.A.	Manufacturing	68152	43448	43674
EC1190049406001	LOJA	INDUSTRIA LOJANA DE ESPECERIAS ILE C.A.	Manufacturing; Wholesale	25015	31346	14951
EC1790014444001	QUITO	INDUSTRIA PLASTICA SA INPLASA	Wholesale	1826	0	1752
EC0991170111001	GUAYAQUIL	INDUSTRIA REPROCESADORA DE PLASTICOS INREPLAST S.A.	Wholesale	976	0	600
EC1790040968001	QUITO	INDUSTRIAL DANEC SA	Wholesale	1622	0	600
EC1790614808001	QUITO	INDUSTRIAL K KRAAEE C LTDA	Services	754	0	600
EC0990819130001	GUAYAQUIL	INDUSTRIAL Y COMERCIAL 3B S.A.	Services	5408	0	5118
EC1390000991001	QUITO	INDUSTRIAS ALES C.A.	Manufacturing	204734	202435	127579
EC1890007976001	AMBATO	INDUSTRIAS CATEDRAL S.A.	Retail	8438	6275	5118
EC0992809620001	GUAYAQUIL	INDUSTRIAS GALARZA & GONZALEZ S.A. G&GJEANS	Services	1509	0	600
EC1790778827001	SANTO DOMINGO	INDUSTRIAS LACTEAS NAVAS RAMOS ILNARA SA	Services	808	0	600
EC0990021066001	GUAYAQUIL	INDUSTRIAS UNIDAS CIA. LTDA	Manufacturing	5937	5871	5118
EC0990681708001	GUAYAQUIL	INDUSUR INDUSTRIAL DEL SUR S.A.	Wholesale	35602	34033	14951
EC1791957261001	QUITO	INDUTAP CIA. LTDA.	Services	3046	0	1752
EC0992325143001	GUAYAQUIL	INFINITYCOMPANY S.A.	Services	1770	0	1752
EC0990858071001	GUAYAQUIL	INFORMACION DE SISTEMAS ECUASISTEMAS S. A.	Services	4142	0	1752
EC0992795255001	GUAYAQUIL	INFRAPROEC S.A.	Wholesale	621	0	600
EC1791190564001	QUITO	ING. MOISES ENCALADA RAMIREZ INMERA C.A.	Wholesale	4584	0	1752
EC1791942760001	QUITO	INGENIERIA PARA EL DESARROLLO ACURIO Y ASOCIADOS S.A.	Services	1586	0	600
EC0991274545001	GUAYAQUIL	INMOBILIARIA DEL SOL S.A.	Services	20815	75178	14951
EC1790347737001	GUAYAQUIL	INMOBILIARIA DOCE DE OCTUBRE SA	Manufacturing	1181	0	600
EC0990158916001	GUAYAQUIL	INMOBILIARIA SAN JORGE SA	Services	1511	0	600
EC1792214416001	QUITO	INMODAYASHA CONSTRUCTORES S.A.	Services	1014	0	600
EC0992297050001	GUAYAQUIL	INMOPACIFICO S.A.	Services	4196	0	1752
EC1791824970001	QUITO	INNOVATORS TRADING TEXTILE PRODUCTS ITTP3 CIA. LTDA.	Wholesale	927	0	600
EC1791822080001	GUAYAQUIL	INSPECTORATE DEL ECUADOR S.A.	Manufacturing	872	0	600
EC0990632286001	GUAYAQUIL	INSTALACIONES ELECTROMECANICAS S.A.	Wholesale	29577	32826	14951
EC1792251540001	CONOCOTO	INSTALHIDS PALMA PALMA & ASOCIADOS CIA. LTDA.	Services	1075	0	600
EC1791414225001	QUITO	INSTITUTO CULINARIO INTERNACIONAL INTERCUL S.A.	Wholesale	919	0	600
EC54342	QUITO	INSTITUTO ECUATORIANO DE CREDITO EDUCATIVO Y BECAS	Services	23562	476299	14951
EC0990015449001	GUAYAQUIL	INTACO ECUADOR S.A.	Wholesale	51128	65131	43674
EC1791894731001	QUITO	INTEGRA COMUNICACIONES CIA. LTDA.	Services	1747	0	600
EC0992253738001	GUAYAQUIL	INTEGRATED SERVICES ISSA S.A.	Wholesale	5467	0	5118
EC1791842588001	QUITO	INTEGRIDAD EN CORROSION S.A. IACE	Services	767	0	600
EC1792033241001	QUITO	INTEL SEMICONDUCTORES DEL ECUADOR INTELSEMSA S.A.	Services	809	0	600
EC1790867129001	QUITO	INTELEQ S.A.	Manufacturing	6440	1929	5118
EC54343	QUITO	INTERDIN S.A	Manufacturing	56670	124652	43674
EC1792378710001	QUITO	INTERMETALS CIA. LTDA.	Services	1031	0	600
EC1791115732001	PUERTO AYORA	INTERNACIONAL DE VIAJES Y TURISMO CRETERTUR CIA. LTDA.	Manufacturing	1388	0	600
EC0992837586001	GUAYAQUIL	INTERNACIONAL WD ECUADOR S.A. INTERNACEC	Manufacturing	674	0	600
EC1790017125001	QUITO	INTERNATIONAL SHIPPING & STORAGE LTDA	Manufacturing; Wholesale	4418	0	1752
EC0991028544001	GUAYAQUIL	INTEROC S.A.	Manufacturing	84748	84168	43674
EC1090083631001	QUITO	INTEROCEANICA, CA DE SEGUROS Y REASEGUROS	Services	14434	21295	5118
EC0992208988001	GUAYAQUIL	INTERVISATRADE S.A.	Services	36394	51009	14951
EC1792283493001	QUITO	INTEXDECOR S.A.	Wholesale	942	0	600
EC0992106131001	GUAYAQUIL	INVERSANCARLOS S.A.	Services	171530	217019	127579
EC0990263205001	GUAYAQUIL	INVERSIONES INMOBILIARIAS GUAYAQUIL IGSA SA	Services	3048	0	1752
EC0991344004001	GUAYAQUIL	IPAC S.A	Manufacturing	159335	203869	127579
EC1792135737001	QUITO	ISLANDTRAVEL CIA. LTDA.	Services	1045	0	600
EC1790173984001	QUITO	ITAL-LLANTA C LTDA	Services	1947	0	1752
EC1791414101001	GUAYAQUIL	ITELBAS INGENIERIA TELECOMUNICACIONES BENAVIDES ABAD SERVICIOS CIA. LTDA.	Services	2546	0	1752
EC0992715545001	GUAYAQUIL	IUTUMSERVICES S.A.	Manufacturing	688	0	600
EC0992352361001	QUITO	J&E MARKETING Y PUBLICIDAD S.A.	Services	807	0	600
EC2290325334001	PUERTO FRANCISCO DE ORELLANA COCA	J&V EMPREORI CIA. LTDA.	Manufacturing	6353	0	5118
EC1790160793001	QUITO	JABONERIA WILSON SA	Manufacturing	38303	0	14951
EC0992420502001	GUAYAQUIL	JAPINA S.A.	Services	3390	0	1752
EC0991448551001	GUAYAQUIL	JAROMA S.A.	Manufacturing	14909	12865	5118
EC1792256674001	QUITO	JCR DISTRIBUTION SERVICES CIA. LTDA.	Services	2637	0	1752
EC0992142693001	GUAYAQUIL	JOGGIN S.A.	Services	1103	0	600
EC1792194849001	SANGOLQUI	JOURNEYFLEET CIA. LTDA.	Services	1465	0	600
EC0992760133001	GUAYAQUIL	JUPREXPORT S.A.	Wholesale	4576	0	1752
EC0992844086001	ELOY ALFARO	KAFERMETAL S.A.	Wholesale	653	0	600
EC1792258871001	QUITO	KAIZENEDUCACION CIA. LTDA.	Wholesale	626	0	600
EC0992275421001	GUAYAQUIL	KANGSHENG IMPORTADORA S.A.	Manufacturing	1311	0	600
EC0992852178001	GUAYAQUIL	KARPOLIN S.A.	Services	2015	0	1752
EC0992439297001	GUAYAQUIL	KARUNKAR S.A.	Wholesale	1799	0	1752
EC0992780592001	GUAYAQUIL	KENJOU S.A.	Manufacturing	685	0	600
EC1791172175001	QUITO	KETSATEX C.A.	Services	1029	0	600
EC0992534982001	MACHALA	KISHOR S.A.	Wholesale	962	0	600
EC0992826444001	GUAYAQUIL	KLINNAS S.A.	Services	2351	0	1752
EC0991321489001	GUAYAQUIL	KOENIG & PARTNERS S.A.	Services	21039	0	14951
EC0991321764001	QUITO	KUEHNE + NAGEL S.A.	Services	21389	0	14951
EC0990331928001	GUAYAQUIL	L HENRIQUES & CIA S.A.	Wholesale	25310	13093	14951
EC0990865477001	GUAYAQUIL	L'IRIS S.A.	Manufacturing	81558	54017	43674
EC0190329178001	CUENCA	LA CASA DE ELECTRODOMESTICO ELECTROEXITO S.A.	Retail	8463	24956	5118
EC1791309618001	TENA	LA CASA DEL SUIZO SUIZHOUSE S.A.	Manufacturing	839	0	600
EC1390012949001	MANTA	LA FABRIL S.A.	Manufacturing	467377	330639	372678
EC0990387745001	GUAYAQUIL	LA GALERIA CLEYDIA SA	Wholesale	921	0	600
EC0990633436001	QUITO	LA GANGA R.C.A. S.A.	Retail	263805	212877	127579
EC0990015295001	GUAYAQUIL	LA LLAVE SOCIEDAD ANONIMA DE COMERCIO	Wholesale	601	0	600
EC1090072370001	COTACACHI	LA MIRAGE S.A.	Services	725	0	600
EC1791952359001	QUITO	LA TABLITA GROUP CIA. LTDA.	Services	27455	5822	14951
EC0990035113001	GUAYAQUIL	LA UNION, COMPANIA NACIONAL DE SEGUROS SA	Services	16134	28039	14951
EC0991131027001	GUAYAQUIL	LABIZA S.A.	Wholesale	13654	9317	5118
EC0990493782001	GUAYAQUIL	LABORATORIO CLINICO ARRIAGA CA	Manufacturing; Wholesale	4968	0	1752
EC1790013502001	QUITO	LABORATORIOS INDUSTRIALES FARMACEUTICOS ECUATORIANOS LIFE C.A.	Manufacturing	45430	50199	43674
EC1791898044001	GUAYAQUIL	LAN PERU S.A.	Services	1989	0	1752
EC0991311637001	GUAYAQUIL	LATINA SEGUROS Y REASEGUROS CA	Services	34408	51517	14951
EC1791288661001	QUITO	LATINA TRANSPORTES SELECTIVOS Y TURISMO LATITRANSTURSA S.A.	Services	1116	0	600
EC0991311645001	GUAYAQUIL	LATINA VIDA COMPANIA DE SEGUROS CA	Manufacturing; Wholesale	5035	4737	1752
EC1790820777001	QUITO	LATINTOUR CIA.LTDA.	Services	2334	0	1752
EC0992730544001	GUAYAQUIL	LEFUEN S.A.	Wholesale	966	0	600
EC0992845023001	GUAYAQUIL	LEISTUNG S.A.	Manufacturing	1202	0	600
EC1790792323001	QUITO	LETRASIGMA C.LTDA.	Services	11016	0	5118
EC1791252322001	QUITO	LEVEL 3 ECUADOR LVLT S.A.	Services	2718	0	1752
EC1791994604001	QUITO	LEXMARK INTERNATIONAL TRADING CORP	Wholesale	638	0	600
EC0992696176001	GUAYAQUIL	LG ELECTRONICS PANAMA S.A.	Services	6583	0	5118
EC1790093808001	QUITO	LIBERTY SEGUROS SA	Services	65499	80076	43674
EC0992679840001	GUAYAQUIL	LIBNAYIT S.A.	Services	734	0	600
EC0992679956001	GUAYAQUIL	LIDERGESTION S.A.	Services	723	0	600
EC0992768495001	GUAYAQUIL	LIOSLAY S.A.	Manufacturing	686	0	600
EC0992734051001	GUAYAQUIL	LOGISTICA BANANERA S.A. LOGBAN	Services	12557	0	5118
EC0991495274001	GUAYAQUIL	LOGISTICA DE ALIMENTOS LOGALISA S.A.	Wholesale	3543	0	1752
EC0190153185001	GUAYAQUIL	LONG LIFE SEGUROS LLS EMPRESA DE SEGUROS SA	Services	6684	2952	5118
EC1792047021001	QUITO	LONGMANED ECUADOR S.A.	Wholesale	968	0	600
EC1291748690001	VENTANAS	LOPATRUCKS S.A.	Services	1056	0	600
EC2191723131001	SHUSHUFINDI	LOPRISSAM CIA. LTDA.	Manufacturing	1378	0	600
EC0992722371001	GUAYAQUIL	LOTIPLAS S.A.	Wholesale	663	0	600
EC54298	QUITO	M.M. JARAMILLO ARTEAGA	Services	45305	825430	43674
EC0190348563001	CUENCA	M&M CONSTRUCTOR CIA. LTDA.	Services	1095	0	600
EC1891720072001	SANTA ROSA	MADERALT CIA. LTDA.	Wholesale	906	0	600
EC0992474750001	GUAYAQUIL	MADERQUY S.A.	Services	1004	0	600
EC0991276076001	GUAYAQUIL	MAERSK DEL ECUADOR C.A.	Wholesale	3659	0	1752
EC1791906497001	QUITO	MAJESTIC CORPORATION CIA. LTDA	Services	5641	0	5118
EC1790137058001	QUITO	MALDONADO FIALLO HERMANOS CIA LTDA	Services	35280	0	14951
EC1792110742001	QUITO	MALETAS Y PRODUCTOS MALEPRODU CIA. LTDA.	Wholesale	3733	0	1752
EC1790266443001	GUAYAQUIL	MAMUT ANDINO CA	Services	22050	28374	14951
EC0990697000001	GUAYAQUIL	MAPFRE ATLAS COMPANIA DE SEGUROS SA	Services	52528	55061	43674
EC0591725815001	LATACUNGA	MAQUINARIA Y MATERIALES DE CONSTRUCCION MATLENCOPS CIA. LTDA.	Services	3249	0	1752
EC1791303962001	QUITO	MAQUINARIAS Y EQUIPOS EQUIGRUAS CIA. LTDA.	Manufacturing	1283	0	600
EC0990751528001	GUAYAQUIL	MAQUINAS Y SUMINISTROS MAQSUM C LTDA	Manufacturing	844	17262	600
EC0992662727001	GUAYAQUIL	MARKATENTION S.A.	Wholesale	1669	0	600
EC1792484782001	QUITO	MARROQUIN ALVARADO FULL TECNOLOGY CIA. LTDA.	Manufacturing	1198	0	600
EC0991176713001	GUAYAQUIL	MARURI PUBLICIDAD S.A.	Services	9534	4036	5118
EC0992537612001	GUAYAQUIL	MARYPESCORP S.A.	Services	1431	0	600
EC1792403367001	QUITO	MASMOVILEC MODELOS INTERACTIVOS CIA. LTDA.	Wholesale	1900	0	1752
EC1792367387001	QUITO	MASTERTRONIC CIA. LTDA.	Wholesale	638	0	600
EC2490004966001	LA LIBERTAD	MATERHASA S.A.	Manufacturing	687	0	600
EC1792244323001	QUITO	MATTEGRAPHICS CIA. LTDA.	Manufacturing	1307	0	600
EC1792055709001	QUITO	MAXDRIVE S.A.	Wholesale	13720	23245	5118
EC0992587326001	GUAYAQUIL	MAXTIMSA S.A.	Wholesale	604	0	600
EC0190378497001	CUENCA	MAXXICAUCHO S.A.	Services	1108	0	600
EC0992703776001	GUAYAQUIL	MAXZEUS S.A.	Services	4250	0	1752
EC1792086051001	QUITO	MAZELZITRO S.A.	Services	819	0	600
EC0992363657001	GUAYAQUIL	MEDIAINVESTMENT S.A.	Manufacturing	1346	0	600
EC0992780320001	GUAYAQUIL	MEDICALNOVA S.A.	Services	724	0	600
EC1791279352001	QUITO	MEDICINA PARA EL ECUADOR MEDIECUADOR HUMANA S.A.	Manufacturing	35570	13374	14951
EC1791752732001	QUITO	MEDICORSA CIA. LTDA	Services	2430	0	1752
EC0991337326001	GUAYAQUIL	MEDITERRANEAN SHIPPING COMPANY DEL ECUADOR COMPANIA ANONIMA (EMESSEA)	Wholesale	927	0	600
EC0992537345001	GUAYAQUIL	MEDYSERVICON S.A.	Services	2046	0	1752
EC1792061512001	TUMBACO	MEGA FERRETERO MEGAFERVALLE CIA. LTDA.	Manufacturing	1341	0	600
EC1891723756001	AMBATO	MEGAPROFER S.A.	Manufacturing	61984	22800	43674
EC0992585072001	GUAYAQUIL	MEGATRAX S.A.	Wholesale	639	0	600
EC0992585498001	GUAYAQUIL	MEGLIO S.A.	Services	813	0	600
EC0992698578001	GUAYAQUIL	MEISTERBLUE CIA. LDTA.	Services	31079	72379	14951
EC0992842172001	GUAYAQUIL	MEJOBRIT S.A.	Services	4650	0	1752
EC0991453369001	GUAYAQUIL	MENDEZ Y ASOCIADOS ASOMEN S.A.	Services	2111	0	1752
EC0992664258001	GUAYAQUIL	MERCAPUBLISA MERCADO Y PUBLICIDAD S.A.	Services	1998	0	1752
EC0990372217001	GUAYAQUIL	METALES INYECTADOS METAIN S.A.	Manufacturing	9243	4657	5118
EC1792195314001	QUITO	METROSERVICIOS S.A.	Manufacturing	709	0	600
EC0992198966001	SAMBORONDON	MEXUL S.A.	Services	791	0	600
EC0991355537001	QUITO	MICHELIN DEL ECUADOR S.A.	Wholesale	660	0	600
EC1791253868001	QUITO	MICROSOFT DEL ECUADOR S.A.	Services	7193	0	5118
EC0992407018001	GUAYAQUIL	MILENE S.A.	Manufacturing	4007	0	1752
EC1791938038001	QUITO	MILLEDESIGN CIA. LTDA.	Services	1113	0	600
EC2290320405001	PUERTO FRANCISCO DE ORELLANA COCA	MILSERVIPETROL S.A.	Manufacturing	1262	0	600
EC1792368898001	QUITO	MINGA TECNOLOGIA MINGATECH S.A.	Services	5693	0	5118
EC0992614102001	PUYO	MIRANOVIC S.A.	Services	1014	0	600
EC1792423171001	QUITO	MIRATE PUBLICIDAD MIRAKPUB CIA. LTDA.	Services	825	0	600
EC0992854812001	GUAYAQUIL	MITANCY S.A.	Services	2776	0	1752
EC1790065170001	QUITO	MITSUBISHI CORPORATION	Manufacturing	1247	0	600
EC1792034396001	QUITO	MODANDINA S.A.	Manufacturing	1231	0	600
EC1791768248001	QUITO	MODELSTYLE MODELOS Y ESTILOS CIA. LTDA.	Services	1077	0	600
EC1790049795001	QUITO	MODERNA ALIMENTOS S.A.	Manufacturing	141410	113331	127579
EC1791288106001	QUITO	MODINTER S.A.	Manufacturing; Wholesale	4333	0	1752
EC1790661792001	QUITO	MONICA CABEZA DE VACA PUBLICIDAD CIA. LTDA.	Services	6676	0	5118
EC1792378230001	QUITO	MONTECZ S.A.	Services	3300	0	1752
EC1792282942001	QUITO	MONTRAN ECUADOR C.A.	Services	797	0	600
EC1790099938001	QUITO	MOTRANSA C.A.	Wholesale	17694	12036	14951
EC0990299390001	GUAYAQUIL	MUEBLES EL BOSQUE S.A.	Wholesale	34571	25824	14951
EC0992303913001	GUAYAQUIL	MUGATI S.A.	Manufacturing	879	0	600
EC0992108185001	NARCISA DE JESUS NOBOL	MULMERCONST S.A.	Wholesale	974	0	600
EC1291710650001	QUEVEDO	MULTIPARTES S.A.	Services	1967	0	1752
EC1191719820001	LOJA	MULTISERVICIOS ALEN CIA. LTDA.	Wholesale	921	0	600
EC0992523999001	GUAYAQUIL	MUNDO DE LA CONSTRUCCION S.A. MUNCONSA	Services	1086	0	600
EC1790993094001	QUITO	MUNDO DEPORTIVO EMEDE S.A.	Manufacturing	12405	0	5118
EC1792056055001	QUITO	MUNDO DEPORTIVO MEDEPORT S.A.	Wholesale	65212	23530	43674
EC54543	AMBATO	MUTUALISTA AMBATO	Manufacturing	1262	19616	600
EC20737	QUITO	MUTUALISTA PICHINCHA	Services	60319	605504	43674
EC0992117656001	CUENCA	NANCAL S.A.	Manufacturing	877	0	600
EC0992201029001	GUAYAQUIL	NAPORTEC S.A.	Services	16173	0	14951
EC0591711784001	LATACUNGA	NARCIS SUPERMERCADOS S.A.	Services	1035	0	600
EC0992386789001	PUERTO AYORA	NAUTICA DEL PACIFICO S.A. NAUPASA	Manufacturing	3993	0	1752
EC0990137331001	GUAYAQUIL	NAVECUADOR S.A.	Manufacturing	1391	0	600
EC0992259221001	GUAYAQUIL	NAVESUR C. LTDA.	Services	1712	0	600
EC1792267854001	GUAYAQUIL	NAVILUSAL CIA. LTDA.	Services	13968	0	5118
EC1792273242001	QUITO	NCM IMPORTACIONES CIA. LTDA.	Services	810	0	600
EC0992335610001	GUAYAQUIL	NEDERAGRO S.A.	Manufacturing	8821	10909	5118
EC0992852216001	GUAYAQUIL	NEDOLCOR S.A.	Wholesale	1668	0	600
EC0992734493001	GUAYAQUIL	NEGOVENTAS S.A.	Services	5783	0	5118
EC0990032246001	QUITO	NESTLE ECUADOR S.A	Manufacturing	514044	308129	372678
EC0190347265001	CUENCA	NETOPTIC TECHNOLOGIES CIA. LTDA.	Manufacturing	678	0	600
EC1792019257001	QUITO	NEUMATICOS DEL ECUADOR SERVIRUEDA S.A.	Manufacturing	3992	0	1752
EC1792342724001	QUITO	NEUROTECHNOLOGY CIA. LTDA.	Wholesale	602	0	600
EC0992135700001	GUAYAQUIL	NEYMATEX S.A.	Manufacturing; Wholesale	5168	0	5118
EC1792272343001	CAYAMBE	NIRP ECUADOR C. LTDA.	Services	1031	0	600
EC1790007871001	QUITO	NOPERTI CIA. LTDA. NC.	Services	7241	12493	5118
EC0990131775001	GUAYAQUIL	NORLOP THOMPSON ASOCIADOS S.A.	Services	3403	0	1752
EC0590038601001	GUAYAQUIL	NOVACERO SA	Manufacturing	220923	218683	127579
EC1791863216001	QUITO	NOVADEVICES S.A	Services	1013	0	600
EC1791247272001	QUITO	NOVATECH SISTEMAS DE MEJORAMIENTO CONTINUO CIA LTD	Manufacturing	707	0	600
EC0992186518001	GUAYAQUIL	NOVITAT S.A.	Services	2106	0	1752
EC0992690984001	GUAYAQUIL	NPD GLOBAL SUPPLIERS S.A.	Wholesale	650	0	600
EC1792357446001	NUEVA LOJA	NUTRIJAMA S.A.	Services	2769	0	1752
EC1792180031001	TUMBACO	NUTRIVITAL S.A.	Services	4095	0	1752
EC1792228697001	QUITO	OC ARQUITECTOS CONSTRUCTORES ARQUIHOME CIA. LTDA.	Services	2376	0	1752
EC1792519306001	QUITO	ODELGA MED DEL ECUADOR S.A.	Wholesale	666	0	600
EC1790697754001	CALDERON CARAPUNGO	OFISNA C LTDA	Manufacturing	831	0	600
EC0991374752001	GUAYAQUIL	OILCORP S.A.	Services	2028	0	1752
EC0992595817001	GUAYAQUIL	OLAS ECUADOR S.A. OLAEC	Manufacturing	1314	0	600
EC1792134560001	ATACAMES	OLIOJOYA INDUSTRIA ACEITERA CIA. LTDA.	Manufacturing	600	0	600
EC1792355036001	QUITO	OMNIPOWER CORPORACION CIA. LTDA.	Services	765	0	600
EC0991383999001	GUAYAQUIL	OPERADORA DEL PACIFICO S.A. (OPACIF)	Services	4476	0	1752
EC0990608504001	DURAN	OPERADORA Y PROCESADORA DE PRODUCTOS MARINOS OMARSA S.A.	Manufacturing	235211	109564	127579
EC1790558886001	QUITO	OPTICA LOS ANDES CIA. LTDA.	Retail	26803	15468	14951
EC0992584130001	GUAYAQUIL	OPTIMEDIC S.A.	Services	750	0	600
EC0190331237001	CUENCA	ORFACORPORATION CIA. LTDA.	Wholesale	607	0	600
EC1790072266001	QUITO	ORIENCO SA	Wholesale	3575	0	1752
EC1792296404001	QUITO	ORIGENLIGHT CIA. LTDA.	Wholesale	1891	0	1752
EC1791861299001	QUITO	ORTOPEDICOS FUTURO C.A.	Services	1525	0	600
EC1791256115001	QUITO	OTECEL S.A.	Services	680286	850569	372678
EC1791842669001	GUAYAQUIL	OUTSOURCING INTEGRACION LOGISTICA DEL ECUADOR S.A	Services	1117	0	600
EC0992354119001	PUERTO AYORA	PACIFIC MARINE ENTERPRISES CIA. LTDA. PAMARENT	Services	2478	0	1752
EC53968	GUAYAQUIL	PACIFICARD	Services	81089	249087	43674
EC0992426829001	GUAYAQUIL	PACIFICLOGISTIC S.A.	Wholesale	1888	0	1752
EC1791349938001	QUITO	PAMAUX INGENIEROS CIA. LTDA.	Services	749	0	600
EC0992525142001	GUAYAQUIL	PANASONIC ECUADOR S.A.	Manufacturing	1266	0	600
EC1790427692001	QUITO	PANATLANTIC LOGISTICS S.A.	Services	23973	0	14951
EC0591709224001	QUITO	PANELES Y CONSTRUCCIONES PANECONS S.A.	Services	3155	0	1752
EC1792306183001	QUITO	PAPELERIA Y SUMINISTROS PAPEL ARIAS CALDERON S.A.	Manufacturing	695	0	600
EC1791843649001	QUITO	PARACAMIONES CIA. LTDA.	Services	1491	0	600
EC1792098971001	QUITO	PARTES Y RECUBRIMIENTOS EVERCOATS CIA. LTDA.	Manufacturing	1353	0	600
EC0992204206001	GUAYAQUIL	PDV ECUADOR S.A.	Manufacturing	1402	0	600
EC1792096332001	QUITO	PERISHAIRPORT CIA. LTDA.	Wholesale	1909	0	1752
EC0992444762001	QUITO	PETREX S.A.	Retail; Services	66028	0	43674
EC1790883795001	QUITO	PF GROUP S.A.	Manufacturing	12437	20742	5118
EC0990001243001	GUAYAQUIL	PICA PLASTICOS INDUSTRIALES C. A.	Manufacturing	79452	76928	43674
EC1790013561001	QUITO	PINTURAS CONDOR S.A.	Manufacturing	77845	52145	43674
EC0990000689001	GUAYAQUIL	PINTURAS UNIDAS S.A.	Manufacturing	62199	47433	43674
EC1790434478001	QUITO	PIZZERIA EL HORNERO C LTDA	Services	1031	0	600
EC1792352835001	QUITO	PLACEMENT RUCK INTERMEDIARIO DE REASEGUROS S.A.	Wholesale	631	0	600
EC1790240487001	QUITO	PLACO CIA LTDA	Manufacturing	708	0	600
EC1792364612001	QUITO	PLANETA TREBOL MPFILMS CIA. LTDA.	Wholesale	628	0	600
EC1791332458001	QUITO	PLANETASEGURIDAD CIA.LTDA.	Manufacturing	853	0	600
EC0990001626001	GUAYAQUIL	PLASTICOS DEL LITORAL S. A.	Manufacturing	44167	94978	43674
EC0990013497001	GUAYAQUIL	PLASTICOS ECUATORIANOS S.A	Manufacturing	49589	49477	43674
EC0990381011001	GUAYAQUIL	PLASTIGOMEZ S.A.	Wholesale	17620	10940	14951
EC0992537663001	GUAYAQUIL	PLASTISTAR S.A.	Services	1514	0	600
EC1792269644001	QUITO	POINT TECHNICAL SOLUCIONES CIA. LTDA.	Services	2466	0	1752
EC0992579846001	GUAYAQUIL	POLAINOT S.A.	Manufacturing	857	0	600
EC1791140753001	QUITO	POLIFILM CIA. LTDA.	Services	9165	0	5118
EC1791772121001	QUITO	POLIPACK CIA. LTDA.	Services	5433	0	5118
EC0991322744001	GUAYAQUIL	PORVENIR COMPANIA DE SEGUROS Y REASEGUROS SA	Wholesale	601	11280	600
EC1791973070001	QUITO	PQA PRODUCTORES QUIMICOS ECUATORIANOS S.A.	Services	3103	0	1752
EC1091740342001	IBARRA	PREMIERTEL S.A.	Services	1949	0	1752
EC0992748095001	GUAYAQUIL	PRIVANEGSA S.A.	Manufacturing	670	0	600
EC0992478764001	GUAYAQUIL	PROBINPE S.A.	Manufacturing	1222	0	600
EC1790319857001	QUITO	PROCESADORA NACIONAL DE ALIMENTOS C.A. PRONACA	Manufacturing	1032734	687809	372678
EC0991323058001	GUAYAQUIL	PRODUCARGO S.A. PRODUCTORA DE ALCOHOLES	Manufacturing	723	0	600
EC1792286174001	QUITO	PRODUCCION DE EVENTOS 911 LTDA.	Wholesale	925	0	600
EC0990012202001	QUITO	PRODUCTORA CARTONERA S. A.	Manufacturing; Wholesale	118412	123240	43674
EC0992588942001	GUAYAQUIL	PRODUCTORA MAR VIVO S.A. PROMARVI	Manufacturing	9088	37706	5118
EC0990551731001	GUAYAQUIL	PRODUCTORA NACIONAL DE PANIFICACION Y PASTELERIA PRONAPAN C LTDA	Services	3297	0	1752
EC0992368055001	YAGUACHI	PRODUCTOS DEL AGRO SYLVIA MARIA S. A. AGROSYLMA	Services	9168	4190	5118
EC0990008167001	GUAYAQUIL	PRODUCTOS METALURGICOS S.A. PROMESA	Wholesale	100140	74749	43674
EC1792039258001	QUITO	PRODUCTOS Y SERVICIOS TEXTILES PROSERTEXA S.A.	Services	824	0	600
EC20745	QUITO	PROINCO	Wholesale	6191	23719	5118
EC1792098785001	IBARRA	PROINTER PRODUCTOS INTERNACIONALES S.A.	Services	3335	0	1752
EC0992381175001	GUAYAQUIL	PROMOTORA INMOBILIARIA URBANIS S.A. PROURBANIS	Manufacturing	842	0	600
EC1790051765001	QUITO	PROTECO COASIN S.A.	Manufacturing	1275	0	600
EC1890152828001	AMBATO	PROVEEDORA CASTRO-LONDONO JABOCENTRO CIA. LTDA.	Manufacturing; Wholesale	4342	0	1752
EC0190392287001	CUENCA	PROVEEDORA NACIONAL DE EQUIPAMIENTO PRONAE S.A.	Services	12301	0	5118
EC0790099087001	MACHALA	PROVEEDORA Y CONSTRUCTORA PROVEYCON CIA. LTDA.	Manufacturing	693	0	600
EC1790971937001	QUITO	PROVEFRUT S.A.	Manufacturing	57112	40048	43674
EC2290323544001	PUERTO FRANCISCO DE ORELLANA COCA	PROVIOIL RENTA CAR CIA. LTDA.	Wholesale	625	0	600
EC1391791070001	MANTA	PROYECTOS ALTERNATIVOS S.A. PROALTO	Services	2000	0	1752
EC0992494131001	GUAYAQUIL	PROYECTOS EN LINEA S.A. PROLINSA	Services	1003	0	600
EC0992537124001	GUAYAQUIL	PUBLICICON S.A.	Services	1962	0	1752
EC0992537361001	GUAYAQUIL	PUBLIMARSTAR S.A.	Services	1727	0	600
EC0991323724001	GUAYAQUIL	PUERTO TRINITARIA TRINIPUERTO S.A.	Services	798	0	600
EC1891744427001	AMBATO	PYANACONSTRUC CIA. LTDA.	Manufacturing	1273	0	600
EC0990000530001	GUAYAQUIL	PYCCA S.A.	Wholesale; Retail	79609	54414	43674
EC1791240014001	QUITO	QBE SEGUROS COLONIAL SA	Services	157931	166936	127579
EC0992401559001	GUAYAQUIL	QUALITY TRADE SERVICES Q.T.S. S.A.	Wholesale	608	0	600
EC1790074889001	QUITO	QUIMICA ARISTON ECUADOR CIA. LTDA.	Retail	11325	7235	5118
EC0992560312001	GUAYAQUIL	QUIMICOS & ASOCIADOS S.A. SOCIAQUIM	Wholesale	645	0	600
EC0990000018001	GUAYAQUIL	QUIMIPAC S. A.	Manufacturing	16986	15999	14951
EC0990344760001	GUAYAQUIL	QUIMPAC ECUADOR S.A	Manufacturing	51435	50626	43674
EC0992448423001	LA TRONCAL	QUINFER S.A.	Wholesale	627	0	600
EC0990808171001	GUAYAQUIL	RADIO Y TELEVISION 44 SA	Services	1006	0	600
EC1791239873001	QUITO	RAFIATEX CIA. LTDA.	Manufacturing; Wholesale	4463	0	1752
EC1792308585001	QUITO	RAIN CORPORATION GLOBAL S.A.	Manufacturing	1369	0	600
EC0990725225001	GUAYAQUIL	RAVAGO DE ECUADOR C.A.	Manufacturing	844	0	600
EC0992688262001	GUAYAQUIL	RAYNARD S.A.	Manufacturing	892	0	600
EC0991258310001	LA LIBERTAD	RECUBRITEK S.A.	Manufacturing	1177	0	600
EC1791333152001	QUITO	REDPARTNER S.A.	Services	2930	0	1752
EC1791890043001	QUITO	REFILTONER S.A.	Services	822	0	600
EC0990369445001	GUAYAQUIL	REMAR REPRESENTACIONES MARITIMAS DEL ECUADOR SA REMAR	Wholesale	1871	0	1752
EC1790462676001	QUITO	REPARTOS ALIMENTICIOS REPARTI S.A.	Wholesale	12845	0	5118
EC0992742445001	GUAYAQUIL	REPCONTRANSPORT S.A.	Manufacturing	1278	0	600
EC0992134348001	GUAYAQUIL	REPCONTVER S.A.	Manufacturing; Wholesale	5074	0	1752
EC0991275703001	GUAYAQUIL	REPRESENTACIONES JAMSA S.A.	Services	1513	0	600
EC0990326606001	GUAYAQUIL	REYBANPAC REY BANANO DEL PACIFICO C.A.	Manufacturing; Wholesale	291923	541274	127579
EC0992455454001	GUAYAQUIL	RFS S.A. ROAD FEEDER SERVICES	Wholesale	1645	0	600
EC1790646882001	QUITO	RINCON LA RONDA SERVICIOS Y BANQUETES S.A.	Services	1530	0	600
EC1791918142001	QUITO	RINTER S.A.	Services	1537	0	600
EC0991272895001	GUAYAQUIL	RIO GUAYAS CIA DE SEGUROS Y REASEGUROS SA	Services	74137	41799	43674
EC0991421297001	GUAYAQUIL	RIOLANGO S.A.	Manufacturing	825	0	600
EC30074LE	QUITO	ROADTRACKING DEL ECUADOR	Manufacturing	32167	23403	14951
EC0190334503001	CUENCA	RODRIGUEZ DIAZ EMPRESA DE COMUNICACION CIA. LTDA.	Manufacturing	1272	0	600
EC1792297133001	QUITO	ROMAJOW CIA. LTDA.	Services	6636	0	5118
EC1790837246001	QUITO	ROSAPLAN S.A.	Services	733	0	600
EC1791870891001	GUAYAQUIL	ROTAM ECUADOR S.A.	Services	781	0	600
EC1791414950001	QUITO	ROYALCARGO S.A.	Services	1117	0	600
EC1792205522001	QUITO	RUEDA CABRERA CIA. LTDA.	Manufacturing	830	0	600
EC0992669217001	GUAYAQUIL	RULAMEL S.A.	Wholesale	939	0	600
EC0990026394001	GUAYAQUIL	RYC S.A.	Wholesale	3574	3274	1752
EC1790666565001	GUAYAQUIL	S.G.S. DEL ECUADOR SA	Manufacturing	1173	0	600
EC1792092159001	QUITO	S.Q.P. SERVICIOS QUIMICOS PETROLEROS CIA. LTDA.	Manufacturing	679	0	600
EC1791319877001	TENA	SACHALODGE S.A.	Manufacturing	1265	0	600
EC0992690674001	GUAYAQUIL	SAILORPAINT S.A.	Services	1981	0	1752
EC0992185228001	GUAYAQUIL	SALICA DEL ECUADOR S. A.	Services	131042	98340	127579
EC0991400109001	GUAYAQUIL	SALIMARCORP S.A.	Manufacturing	1330	0	600
EC1792011523001	QUITO	SALUMED S.A.	Services	2756	0	1752
EC0992129441001	GUAYAQUIL	SAMSUNG ELECTRONICS LATINOAMERICA ( ZONA LIBRE ) S.A.	Manufacturing; Wholesale	4324	0	1752
EC0190151549001	CUENCA	SANITARIOS-HYPOO-CO S.A.	Services	3333	0	1752
EC1791280733001	QUITO	SANTOSCMI S.A.	Services	9159	0	5118
EC1791274946001	QUITO	SCHNEIDER ELECTRIC ECUADOR S.A. SCHNELECTRIC	Services	1078	0	600
EC0590011886001	LATACUNGA	SEGUNDO ELOY CORRALES E HIJOS SECOHI CIA. LTDA.	Services	9969	16206	5118
EC0791714648001	GUAYAQUIL	SEGURIDAD PALMA SEGURIPALMA C. LTDA.	Manufacturing	1262	0	600
EC0991268499001	GUAYAQUIL	SEGUROS COLON SA	Services	2272	9945	1752
EC1791289927001	QUITO	SEGUROS DEL PICHINCHA SA, COMPANIA DE SEGUROS Y REASEGUROS	Services	116881	92721	43674
EC1790007502001	QUITO	SEGUROS EQUINOCCIAL SA	Services	170883	231870	127579
EC1790340481001	QUITO	SEGUROS ORIENTE SA	Services	25414	36369	14951
EC0990093377001	GUAYAQUIL	SEGUROS ROCAFUERTE SA	Services	65099	76922	43674
EC0990064474001	GUAYAQUIL	SEGUROS SUCRE SA	Services	222179	320219	127579
EC1791282264001	QUITO	SEGUROS UNIDOS SA	Services	41282	62194	14951
EC0992789204001	GUAYAQUIL	SENIH TELECOMUNICACIONES S.A. TELSENIHSA	Services	2322	0	1752
EC0992634162001	LA LIBERTAD	SEOBCI S.A.	Manufacturing	679	0	600
EC2090004568001	SANTA ROSA CON LA ISLA BALTRA	SERINATURA S.A.	Services	1733	0	600
EC1792226996001	QUITO	SERMANT CIA. LTDA.	Services	732	0	600
EC0992556803001	GUAYAQUIL	SERMOPEL S.A.	Services	1082	0	600
EC1791831470001	QUITO	SERVICE.COM S.A	Services	2613	0	1752
EC0992662794001	GUAYAQUIL	SERVICICAL S.A.	Services	2022	0	1752
EC30125LE	QUITO	SERVICIO DE RENTAS INTERNAS DEL ECUADOR	Services	77321	66684	43674
EC1791273028001	QUITO	SERVICIOS AEREOS EJECUTIVOS SAEREO S.A.	Wholesale	931	0	600
EC0991282092001	GUAYAQUIL	SERVICIOS GENERALES DIALVI CIA. LTDA.	Services	1143	0	600
EC0992383429001	GUAYAQUIL	SERVICIOS GRAFICOS SERFLEXCORP S.A.	Services	2360	0	1752
EC1792077915001	SANGOLQUI	SERVICIOS INTEGRADOS DE MATERIALES S.A. SIMATRA	Services	1038	0	600
EC0491502916001	TULCAN	SERVICIOS PROFESIONALES DE INGENIERIA CIVIL CONSULTORIA Y FISCALIZACION SEPINCOF CIA. LTDA.	Services	1497	0	600
EC2090004274001	PUERTO AYORA	SERVICIOS TURISTICOS GALEXTUR CIA. LTDA.	Services	2716	0	1752
EC0991276106001	GUAYAQUIL	SERVICIOS Y AGENCIAMIENTOS MARITIMOS S.A. SAGEMAR	Manufacturing	6433	0	5118
EC2290315428001	PUERTO FRANCISCO DE ORELLANA COCA	SERVICIOS Y CONSTRUCCIONES DEL NORTE SERCONSNOR CIA. LTDA.	Manufacturing	880	0	600
EC0992664126001	GUAYAQUIL	SERVICOMSARIAL S.A.	Manufacturing	1231	0	600
EC0190348679001	CUENCA	SERVIESA S. A.	Services	1001	0	600
EC0992757264001	GUAYAQUIL	SERVIFACTIBLE S.A.	Services	2541	0	1752
EC0992537132001	GUAYAQUIL	SERVYCICONTI S.A.	Services	1499	0	600
EC1792422728001	QUITO	SEVMORGEO S.A.	Services	1130	0	600
EC1792398789001	QUITO	SFM FACILITY SERVICIOS COMPLEMENTARIOS S.A.	Services	1784	0	1752
EC1792123895001	QUITO	SGAINNOVAR S.A.	Services	4120	0	1752
EC1792145244001	QUITO	SIDERTECH S.A.	Services	824	0	600
EC1790001725001	QUITO	SIDERURGICA ECUATORIANA SA SIDEC	Manufacturing	4023	0	1752
EC1792114594001	QUITO	SIERRASHOES S.A.	Wholesale	4521	0	1752
EC0992786205001	SAMBORONDON	SILVER VALUE COMPANY S.A. SILVALUE	Manufacturing	872	0	600
EC1790691810001	QUITO	SIMED S.A.	Wholesale	40471	36336	14951
EC0990026440001	GUAYAQUIL	SOCIEDAD AGRICOLA E INDUSTRIAL SAN CARLOS S.A.	Manufacturing	154870	292583	127579
EC1790646483001	QUITO	SOCIEDAD DE TURISMO SODETUR SA	Services	23785	0	14951
EC0190370585001	CUENCA	SOCIEDAD ELECTRONICA S. A. SOCELEC	Services	1081	0	600
EC0990780773001	CUENCA	SOCIEDAD FINANCIERA DEL AUSTRO S.A.	Manufacturing	1379	22634	600
EC20733	GUAYAQUIL	SOCIEDAD FINANCIERA LEASINGCORP S.A.	Services	2308	23362	1752
EC20764	IBARRA	SOCIEDAD FINANCIERA VISIONFUND	Services	6797	43634	5118
EC0992412739001	GUAYAQUIL	SOLIDCOMPANY S.A.	Wholesale	924	0	600
EC1792246466001	QUITO	SOLUCIONES DEL PACIFICO SOLTVUNIC CIA. LTDA.	Manufacturing	1270	0	600
EC1792196809001	QUITO	SOLUCIONES INTEGRALES ADVANCETEL SOCIEDAD ANONIMA	Services	6527	0	5118
EC1792504015001	QUITO	SOLUCIONES MOVILES DEL ECUADOR SOLUMOVECSA S. A.	Manufacturing; Wholesale	5007	0	1752
EC0990839557001	GUAYAQUIL	SOLVESA ECUADOR S.A.	Wholesale	24791	18573	14951
EC0992680695001	GUAYAQUIL	SORIMUN S.A.	Services	745	0	600
EC0992263598001	GUAYAQUIL	SOROA S.A.	Manufacturing; Wholesale	4814	15857	1752
EC0992854030001	GUAYAQUIL	SOUTH AMERICAN BUILDERS S.A. SOUTHBUILSA	Services	9163	0	5118
EC1791843568001	QUITO	STEALTH TELECOM DEL ECUADOR S.A	Wholesale	960	0	600
EC1791230272001	QUITO	STIMM SOLUCIONES TECNOLOGICAS INTELIGENTES PARA MERCADO MOVIL CIA. LTDA.	Wholesale	1672	0	600
EC0992623748001	GUAYAQUIL	STOREOCEAN S.A.	Services	3863	16903	1752
EC1791867041001	QUITO	STRATEGA BDS S.A	Services	1013	0	600
EC1792349788001	QUITO	SUBWAY INTERNATIONAL B.V.	Manufacturing	1334	0	600
EC1791869176001	QUITO	SUDINTEX CIA. LTDA.	Manufacturing	4506	0	1752
EC1791413237001	QUITO	SUPERDEPORTE S.A.	Retail	185292	106115	127579
EC1791774582001	QUITO	SUPERMERCADO DE COMPUTADORAS COMPUBUSSINES CIA. LTDA.	Wholesale	11680	4532	5118
EC0992156651001	GUAYAQUIL	SUPERMERCADO SAN MATEO SUPERSANMA S.A.	Services	2140	0	1752
EC1791739876001	QUITO	SUPERMERCADOS MAGDA S.A.	Retail	11459	0	5118
EC0992709464001	DAULE	SUPERPROXIMO CIA. LTDA.	Services	2024	0	1752
EC0992809442001	GUAYAQUIL	SUPPLIER SOLUTIONS CENTER S.A. SSCENTER	Manufacturing	1233	0	600
EC1792143543001	QUITO	SURGICALMED CIA. LTDA.	Services	1067	0	600
EC0992697415001	GUAYAQUIL	SURPAPELCORP S.A.	Manufacturing	51992	142621	43674
EC1791407008001	QUITO	SURTIVENTAS S.A.	Wholesale	622	0	600
EC1792107423001	QUITO	SWEADEN COMPANIA DE SEGUROS Y REASEGUROS SA	Services	20907	24892	14951
EC0992154551001	SAMBORONDON	SYNGENTA CROP PROTECTION S.A. SUCURSAL ECUADOR	Wholesale	3449	0	1752
EC0992631015001	GUAYAQUIL	TAKESHIA S.A.	Services	1024	0	600
EC0990575053001	GUAYAQUIL	TALLERES Y SERVICIOS TASESA CA	Wholesale	5457	0	5118
EC0990360545001	GUAYAQUIL	TALME S.A.	Manufacturing; Wholesale	5189	30457	5118
EC2091756377001	GUAYAQUIL	TECHNOLOGY & ASOCIADOS ASISTECHSA S.A.	Services	3951	0	1752
EC1792077532001	QUITO	TECNOFIJACION CIA. LTDA.	Wholesale	646	0	600
EC1790677133001	QUITO	TEJIDEX SA	Manufacturing	841	0	600
EC0991327371001	GUAYAQUIL	TELCONET S.A.	Manufacturing	139464	190786	127579
EC1792067707001	QUITO	TELEFONICA INTERNATIONAL WHOLESALE SERVICES ECUADOR S.A.	Services	10824	0	5118
EC1791886712001	QUITO	TEMENOS ECUADOR S.A	Services	2743	0	1752
EC1790010309001	QUITO	TEOJAMA COMERCIAL S.A.	Wholesale	110377	154735	43674
EC1790511472001	GUAYAQUIL	TERCON TERMINALES DE CONTENEDORES C LTDA	Wholesale	3488	0	1752
EC0992336757001	GUAYAQUIL	TERMINAL AEROPORTUARIA DE GUAYAQUIL S.A	Services	79045	102653	43674
EC0992192062001	GUAYAQUIL	TERMOMECANICA CONSTRUCCIONES CIA. LTDA. TERMOCONSTRU	Manufacturing	1217	0	600
EC0992698403001	GUAYAQUIL	TERRASEA S.A.	Wholesale	3796	0	1752
EC0590059064001	TANICUCHI	TEXASFLOWERS S.A.	Manufacturing	1226	0	600
EC1792343518001	QUITO	TEXTILCARDIZ CIA. LTDA.	Services	2912	0	1752
EC1792031222001	QUITO	TEXTILES ANTONIO AGUAYO CIA. LTDA.	Wholesale	1864	0	1752
EC1890135001001	AMBATO	TEXTILES INDUSTRIALES AMBATENOS S.A. TEIMSA	Manufacturing; Wholesale	11970	15623	5118
EC0990108196001	GUAYAQUIL	TEXTILES SAN ANTONIO SA	Manufacturing	1340	0	600
EC0992139269001	GUAYAQUIL	THERMOCONT S.A.	Wholesale	1884	0	1752
EC1792448395001	QUITO	THOUGHTWORKS SOFTWARE ECUADOR S.A.	Manufacturing	1279	0	600
EC0992408421001	GUAYAQUIL	TOBAMAC S.A.	Services	2516	0	1752
EC1791290119001	QUITO	TOBARZVS C.L.	Wholesale	913	0	600
EC0990025843001	QUITO	TOPSEG COMPANIA DE SEGUROS Y REASEGUROS SA	Services	5251	11280	5118
EC0992541830001	GUAYAQUIL	TORPLAS S.A.	Manufacturing; Wholesale	5181	0	5118
EC1792441420001	QUITO	TORREDEVEL ECUADOR S.A.	Wholesale	638	0	600
EC1792128455001	QUITO	TRANCENTER S.A.	Manufacturing	828	0	600
EC1791857054001	QUITO	TRANSCOMERCIO GUERRA AYALA CIA. LTDA.	Manufacturing	862	0	600
EC0992488964001	GUAYAQUIL	TRANSMAR ECUADOR S.A.	Wholesale	1911	0	1752
EC1791863526001	QUITO	TRANSNEXA S.A. EMA.	Services	12137	0	5118
EC0990082820001	GUAYAQUIL	TRANSOCEANICA C. LTDA	Services	4791	0	1752
EC0991074147001	GUAYAQUIL	TRANSPOINT S.A.	Services	3261	0	1752
EC0992779101001	GUAYAQUIL	TRANSPORTE AGIL DE CARGA ''TRANSEAGLE S.A.''	Wholesale	647	0	600
EC1791231139001	QUITO	TRANSPORTES SANCHEZ POLO DEL ECUADOR C.A.	Wholesale	960	0	600
EC0992623233001	GUAYAQUIL	TRANSTEINER S.A.	Services	1040	0	600
EC1791265483001	QUITO	TRAVELECUADOR CIA. LTDA.	Services	1592	0	600
EC1791715780001	QUITO	TRIPOINT S.A.	Services	1943	0	1752
EC0992469730001	GUAYAQUIL	TUDEDISIN S.A.	Wholesale	627	0	600
EC0990917302001	GUAYAQUIL	TURISMO AMONRA S.A.	Services	2649	6764	1752
EC0990281866001	GUAYAQUIL	TUVAL S.A.	Services	13918	8533	5118
EC0991409440001	GUAYAQUIL	U.V.P. UNIDAD DE VIGILANCIA PRIVADA CIA.LTDA	Wholesale	600	0	600
EC1790236862001	QUITO	UNACEM ECUADOR S.A.	Manufacturing	178091	213011	127579
EC1792174465001	QUITO	UNIARMASOT CIA. LTDA.	Services	1685	0	600
EC20762	AMBATO	UNIFINSA SOCIEDAD FINANCIERA	Services	7953	121568	5118
EC12864	TUNGURAHUA	UNION FINANCIERA CENTRAL SA	Services	7399	121568	5118
ECFEI1021166	QUITO	UNIVERSAL COMPANIA DE REASEGUROS SA	Retail	8228	15284	5118
EC0992423153001	GUAYAQUIL	UNIVERSAL SWEET INDUSTRIES S.A.	Manufacturing	61608	102328	43674
EC1792094593001	QUITO	UNOSYSTEMS S.A.	Services	2760	0	1752
EC0992474394001	GUAYAQUIL	USALEC S.A.	Services	742	0	600
EC0992623411001	GUAYAQUIL	USTINOV S.A.	Services	1757	0	1752
EC0992403020001	SAMBORONDON	VANEGAS & PINOS CONSTRUCCIONES COMPANIA LIMITADA	Manufacturing	896	0	600
EC0190316815001	CUENCA	VAZ SEGUROS SA	Services	13033	19801	5118
EC54089	CUENCA	VAZCORP SOCIEDAD FINANCIERA S.A.	Services	3986	23255	1752
EC0990794650001	GUAYAQUIL	VELASCO Y LUQUE REPRESENTACIONES S.A. ''EVISA''	Wholesale	5447	0	5118
EC0992309652001	GUAYAQUIL	VELEZ & ASOCIADOS S.A. VELASOC	Wholesale	648	0	600
EC1792342112001	TUMBACO	VENTURACAMP ECUADOR S.A.	Manufacturing	696	0	600
EC0990270236001	GUAYAQUIL	VEPAMIL S.A.	Wholesale	129670	23521	127579
EC1791921828001	QUITO	VIAJES GASTON SACAZE S.A.	Wholesale	639	0	600
EC0992524545001	GUAYAQUIL	VIALIACORP S.A	Services	746	0	600
EC1791736699001	QUITO	VIENNATONE S.A.	Services	7702	0	5118
EC1791884078001	QUITO	VILLAGOMEZ OJEDA C.V. CIA. LTDA	Services	3274	0	1752
EC1791898265001	SAN RAFAEL	VINNET COMPANY S.A	Wholesale	943	0	600
EC58263	IBARRA	VISIONFUND ECUADOR	Services	7511	40012	5118
EC1792063175001	QUITO	VIVIRTEC CIA. LTDA.	Wholesale	651	0	600
EC0992584971001	GUAYAQUIL	VIXTICORP S.A.	Manufacturing	1304	0	600
EC1792172993001	QUITO	VLADMAU CONSTRUCCIONES S.A.	Manufacturing; Wholesale	4345	0	1752
EC0992824743001	GUAYAQUIL	VOONDU S.A.	Wholesale	1847	0	1752
EC1792194830001	SANGOLQUI	VOYAGERTRAVEL COMPANY CIA. LTDA.	Wholesale	994	0	600
EC1792211735001	QUITO	WALTHER SERRANO E HIJOS CIA. LTDA.	Manufacturing	1320	0	600
EC1791315278001	QUITO	WARTSILA ECUADOR S.A.	Services	1116	0	600
EC1790105709001	QUITO	WEATHERFORD SOUTH AMERICA GMBH	Manufacturing	5947	0	5118
EC0992791179001	GUAYAQUIL	WEKELCORP S.A.	Services	1065	0	600
EC1790850226001	QUITO	WELDORADO S.A.	Services	3275	0	1752
EC0992525169001	GUAYAQUIL	WORKCOMTI S.A.	Wholesale	3706	0	1752
EC1792493749001	QUITO	WORLDWIDE COLOCACION DE EQUIPOS Y SERVICIOS WEQUIPSERV CIA. LTDA.	Services	5357	0	5118
EC1791730216001	QUITO	XAFEL S.A	Services	2435	0	1752
EC1790007863001	QUITO	XEROX DEL ECUADOR SA	Services	1157	0	600
EC1891744672001	AMBATO	XPTOURS S.A.	Wholesale	926	0	600
EC0992331283001	MANTA	XUK S.A.	Wholesale	1000	0	600
EC1792028140001	SAMBORONDON	YARECUADOR CIA. LTDA.	Wholesale	991	0	600
EC0992833009001	GUAYAQUIL	YOGUPOP C. LTDA.	Services	787	0	600
EC0992459530001	GUAYAQUIL	YUREXCORP S.A.	Services	1146	0	600
EC1792132525001	QUITO	Z&U MED CIA. LTDA.	Services	20230	0	14951
EC1791297385001	QUITO	ZAIMELLA DEL ECUADOR SA	Manufacturing; Wholesale	75141	50665	43674
EC1792369398001	CUMBAYA	ZANELLIPRODUC CIA. LTDA.	Services	723	0	600
EC1790332659001	QUITO	ZOLDAN & ZOLDAN CIA. LTDA.	Services	1702	0	600
